region_code,video_key,title
GB,5P7u3SCL5os,Noah Rinker - Wherever I Go (Live from Sound Emporium)
GB,X6xQKNM1xA8,ELDEN RING NIGHTREIGN The Forsaken Hollows | Official Gameplay Reveal Trailer
GB,-XvyVLSEq6o,TACO TUESDAY ADMIN ABUSE!
GB,SUO-tN8tW9g,Kid Cudi - Maui Wowie (Lyrics) | going back to honolulu to get that maui wowie (432Hz)
GB,s9gSuKaKcqM,Marty Supreme | Official Trailer HD | A24
GB,DJp8K40TSxc,"State of Play Japan | November 11, 2025 [English Subtitles]"
GB,SejoKXcFrDM,Haji Mastan (Official Video) Cheema Y | Gur Sidhu | Sukh Sanghera | Jasmeen Akhtar
GB,yqjMaKQskW8,The Super Mario Galaxy Movie Direct 11.12.2025
GB,d4yvBw1sfko,Gambit: Le Diable Blanc | Character Reveal | Marvel Rivals
GB,n4HeHDMCCDg,C√©line Dion - I'm Alive (Lyrics)
GB,f2aTSMdfQg0,Honest Trailers | The Running Man (1987)
GB,-hs7hBfLFEk,Steal a Brainrot Admin Abuse (Taco Tuesday)
GB,xNNkVmpPzf4,Easy
GB,zHhR3daI3bY,Man Vs Baby | Official Trailer | Netflix
GB,xaK1nEXBBdw,SAMMY turned his mic on üíÄ
GB,lQ9WPaXFRD0,DIGGA - DPMO
GB,2LTJPXQ78EI,DRACULA Official US Trailer (2025)
GB,3m7bXL_7ju4,Cash CHOOSE The WRONG SLIDE in Minecraft
GB,RFPqZKpsl90,Adekunle Gold ft Yinka Ayefele & Adewale Ayuba - Many People (Official Music Video)
GB,p6ePBMZWeCo,The Super Mario Galaxy Movie Direct ‚Äì 12/11/2025
GB,ASoA5xRk6SM,THE HARDEST CHOICE (Dispatch Episode 3 & 4)
GB,Y-kxBS77bE4,Goo Goo Dolls - Iris (Lyrics)
GB,JK6KiFXoLxs,Grand Theft Auto VI - Final Trailer (2026) Rockstar Games
GB,UuSt-E8sn6w,Opening 100 FOOD LUCKY BLOCKS In Steal A Brainrot..
GB,EhUXrKc9_gA,Olivia Dean - So Easy (To Fall In Love) in the Live Lounge
GB,98InrnK9oek,Mowgli Teaser | Roshan Kanakala | Sandeep Raj | Sakkshi Mhadolkar | TG Vishwa Prasad | PMF
GB,7EZGRJdSpUk,All Steal A Brainrots Meet Their GIRL Versions..
GB,H9LVteKeNtI,G√∂zlerimde Sonbahar - Kalbe Dokunan ≈ûarkƒ±lar
GB,6j562efruvg,So... Pixar's Toy Story 5 Trailer Is Finally Here...
GB,uv-bx8thUb4,finding EVERY BRAINROT in Roblox find the brainrots‚Ä¶
GB,Xgp7wlBfASA,Charli xcx - House featuring John Cale (Official Video)
GB,zz8rzYFkA08,TRAILER: An action packed November on the Cobbles! | Coronation Street
GB,5p_yM1ON3cQ,JYNXZI VS SPEED (Clash Royale)
GB,nTU5Ng-sIFo,Hawaawan (Official Motion Video) | Gurnam Bhullar | Master Mind | Diamondstar Worldwide
GB,4iZZGBMlFbc,10DANCE | Official Trailer | Netflix
GB,Ma9iBcThbmU,OMG I CAN'T BELIEVE I FINALLY GOT HIM IN FC!!! - FC 26 PACK OPENING
GB,fnCm8IFXPDY,Cricket x Marin ft Ya Nina - Deri Vone (Official Music Video)
GB,ZiyE33pWdU4,"Toy Story 5 Teaser, Mario Galaxy Movie Leak, New DCU Show & MORE!!"
GB,ybPxI4QJre4,Our FIRST UPDATE Of Fortnite SIMPSONS!
GB,xnHMH1J2HZI,Dayglow - Can I Call You Tonight? (Lyrics)
GB,YsQXu_9-7qA,Merv - Official Trailer | Prime Video
GB,nmrWKlDmaOo,67 has gone too far..
GB,tPktOQsRliI,BAK Jay - Trust Who (Official Music Video)
GB,itjT1WYIt-0,"Avengers: Doomsday (2025) - First Trailer | Robert Downey Jr., Tom Holland"
GB,qag0jOnNktU,CHAMPIONS LEAGUE PRIME TIME PACK AND PLAY!!! 
GB,0oIvIwJ3qKg,GlobeTrotter - Mahesh Babu | Priyanka Chopra | Prithviraj | SS Rajamouli | MM Keeravaani
GB,ewjc3ZM9RSU,X-MEN ARE BACK...kinda...MAX REACTS: TOKON BETA 2 Trailer
GB,Xwjy1tnMx3I,NEW *FIVE GUN* UPDATE in Fortnite!
GB,H13rI_6FypA,FKA twigs - Predictable Girl
GB,0NJ7gs6SpQI,NEW SEASON TRAILER IS HERE!! Then maybe midseason Overwatch?
CA,SejoKXcFrDM,Haji Mastan (Official Video) Cheema Y | Gur Sidhu | Sukh Sanghera | Jasmeen Akhtar
CA,X6xQKNM1xA8,ELDEN RING NIGHTREIGN The Forsaken Hollows | Official Gameplay Reveal Trailer
CA,d4yvBw1sfko,Gambit: Le Diable Blanc | Character Reveal | Marvel Rivals
CA,n4HeHDMCCDg,C√©line Dion - I'm Alive (Lyrics)
CA,s9gSuKaKcqM,Marty Supreme | Official Trailer HD | A24
CA,DJp8K40TSxc,"State of Play Japan | November 11, 2025 [English Subtitles]"
CA,xnHMH1J2HZI,Dayglow - Can I Call You Tonight? (Lyrics)
CA,yqjMaKQskW8,The Super Mario Galaxy Movie Direct 11.12.2025
CA,-XvyVLSEq6o,TACO TUESDAY ADMIN ABUSE!
CA,t3U3x_kUIbc,Love Exit - Jind Universe (OFFICIAL VIDEO)
CA,f2aTSMdfQg0,Honest Trailers | The Running Man (1987)
CA,7EZGRJdSpUk,All Steal A Brainrots Meet Their GIRL Versions..
CA,5P7u3SCL5os,Noah Rinker - Wherever I Go (Live from Sound Emporium)
CA,zHhR3daI3bY,Man Vs Baby | Official Trailer | Netflix
CA,-hs7hBfLFEk,Steal a Brainrot Admin Abuse (Taco Tuesday)
CA,bS-AS6GIK3Y,Varinder Brar - 12345678 (Official Music Video) | Latest Punjabi Songs 2025 | New Punjabi Songs 2025
CA,6j562efruvg,So... Pixar's Toy Story 5 Trailer Is Finally Here...
CA,5p_yM1ON3cQ,JYNXZI VS SPEED (Clash Royale)
CA,fmONdSPfCXc,Creedence Clearwater Revival - Fortunate Son (Fan Celebration Version)
CA,4iZZGBMlFbc,10DANCE | Official Trailer | Netflix
CA,xO2V210-0hE,I played YET ANOTHER 8 Souls-Like games you've never heard of
CA,NAEZMzVVw2s,Always The Same
CA,9bs9Vv25LLs,12A Railway Colony - Trailer | Allari Naresh | Kamakshi Bhaskarla | Bheems Ceciroleo | Nani
CA,HOFNRfIEWI8,FLYING FREDBEAR GOT EVEN SCARIER..
CA,GxlMRrjrUFM,God Bless I Diljit Dosanjh I Aura I Ranbir Singh | Sunny Malton
CA,YsQXu_9-7qA,Merv - Official Trailer | Prime Video
CA,seuxgKho9Xk,The Best Minecraft Video of 2025
CA,lioR42laQBQ,Sunanda Sharma ‚Äì Dilbar (Official Video) | Latest Punjabi Song 2025 | Kaptaan | Geet
CA,0NJ7gs6SpQI,NEW SEASON TRAILER IS HERE!! Then maybe midseason Overwatch?
CA,r_LwYTezFlo,LOCKED IN
CA,xIq_Do9Ohw8,Nancy Ajram - Ya Albo‚Äã (Official Music Video) / ŸÜÿßŸÜÿ≥Ÿä ÿπÿ¨ÿ±ŸÖ - Ÿäÿß ŸÇŸÑÿ®Ÿà‚Äé‚Äé
CA,ZiyE33pWdU4,"Toy Story 5 Teaser, Mario Galaxy Movie Leak, New DCU Show & MORE!!"
CA,xaK1nEXBBdw,SAMMY turned his mic on üíÄ
CA,RFPqZKpsl90,Adekunle Gold ft Yinka Ayefele & Adewale Ayuba - Many People (Official Music Video)
CA,98InrnK9oek,Mowgli Teaser | Roshan Kanakala | Sandeep Raj | Sakkshi Mhadolkar | TG Vishwa Prasad | PMF
CA,IbsdEs1ZrB8,Deadcam
CA,zu5umkoKvl8,In The Dark
CA,EATNAn9X7AU,Michael - Movie Angry Trailer Reaction!
CA,kYYDBEZfvj0,Streamer CRASHES OUT over 0 donations..
CA,0oIvIwJ3qKg,GlobeTrotter - Mahesh Babu | Priyanka Chopra | Prithviraj | SS Rajamouli | MM Keeravaani
CA,LYb8jCNax_Q,I Made an Action Movie to help my Friend Propose!
CA,FwByCiebrak,Pirate Software: The Legacy of a Liar
CA,Xgp7wlBfASA,Charli xcx - House featuring John Cale (Official Video)
CA,JK6KiFXoLxs,Grand Theft Auto VI - Final Trailer (2026) Rockstar Games
CA,z3KMkW0GVnk,Ex-Mr Beast member reacts to BEAST LAND
CA,cMHGtp8GYms,Gabe Watkins - I Still Do (Official Visualizer)
CA,EH_zKR-O8ko,Avengers Doomsday Trailer: Ranking Chances Of Who Appears In It - The John Campea Show
CA,UuSt-E8sn6w,Opening 100 FOOD LUCKY BLOCKS In Steal A Brainrot..
CA,FjyVeGxM1MY,Mukk Chale Ne Saa | Rajvir Jawanda  | Sukhwinder Singh | Yamla | Crown Records
CA,VDZfSyYqMfQ,"‚ÄúI Am Reichsmarschall Hermann G√∂ring‚Äù Scene - NUREMBERG (2025) Russell Crowe, Rami Malek"
US,qtlb5xu1XBw,"Grupo Firme - Luis Alfonso Partida ""El Yaki"" - Que Te Quieran Bonito (Video Oficial)"
US,X6xQKNM1xA8,ELDEN RING NIGHTREIGN The Forsaken Hollows | Official Gameplay Reveal Trailer
US,d4yvBw1sfko,Gambit: Le Diable Blanc | Character Reveal | Marvel Rivals
US,Ndswr4tDAyQ,"Toosii, YoungBoy Never Broke Again - Please Don't Go"
US,s9gSuKaKcqM,Marty Supreme | Official Trailer HD | A24
US,-XvyVLSEq6o,TACO TUESDAY ADMIN ABUSE!
US,5P7u3SCL5os,Noah Rinker - Wherever I Go (Live from Sound Emporium)
US,yqjMaKQskW8,The Super Mario Galaxy Movie Direct 11.12.2025
US,DJp8K40TSxc,"State of Play Japan | November 11, 2025 [English Subtitles]"
US,n4HeHDMCCDg,C√©line Dion - I'm Alive (Lyrics)
US,f2aTSMdfQg0,Honest Trailers | The Running Man (1987)
US,-hs7hBfLFEk,Steal a Brainrot Admin Abuse (Taco Tuesday)
US,xnHMH1J2HZI,Dayglow - Can I Call You Tonight? (Lyrics)
US,ZiyE33pWdU4,"Toy Story 5 Teaser, Mario Galaxy Movie Leak, New DCU Show & MORE!!"
US,HOFNRfIEWI8,FLYING FREDBEAR GOT EVEN SCARIER..
US,tPktOQsRliI,BAK Jay - Trust Who (Official Music Video)
US,2LTJPXQ78EI,DRACULA Official US Trailer (2025)
US,7EZGRJdSpUk,All Steal A Brainrots Meet Their GIRL Versions..
US,ySJE71dxJoA,Fine Chiki
US,ewjc3ZM9RSU,X-MEN ARE BACK...kinda...MAX REACTS: TOKON BETA 2 Trailer
US,IbsdEs1ZrB8,Deadcam
US,1XZVp2pJ4_I,When You're Gone
US,0NJ7gs6SpQI,NEW SEASON TRAILER IS HERE!! Then maybe midseason Overwatch?
US,xaK1nEXBBdw,SAMMY turned his mic on üíÄ
US,c--1kG-k-WI,FBG Murda - Nightmares (Official Video)
US,6j562efruvg,So... Pixar's Toy Story 5 Trailer Is Finally Here...
US,5p_yM1ON3cQ,JYNXZI VS SPEED (Clash Royale)
US,fmONdSPfCXc,Creedence Clearwater Revival - Fortunate Son (Fan Celebration Version)
US,m06bJ2MEPYc,Stranger Things 5 | Final Trailer | Netflix
US,nmrWKlDmaOo,67 has gone too far..
US,EKEfSAdD18E,ROA - 11:11 (Official Video)
US,JK6KiFXoLxs,Grand Theft Auto VI - Final Trailer (2026) Rockstar Games
US,xO2V210-0hE,I played YET ANOTHER 8 Souls-Like games you've never heard of
US,gHYsFvbMORY,Mon Laferte - Veracruz (Letra)
US,zHhR3daI3bY,Man Vs Baby | Official Trailer | Netflix
US,s-u6ulS-f2E,I Demanded a Huge Trade in Madden Superstar‚Ä¶
US,Y6L0B3S_C-o,Losin' Streak
US,YsQXu_9-7qA,Merv - Official Trailer | Prime Video
US,gPFkRxgfD3Q,I Made the WRONG Choice! - DISPATCH [Episode 1 & 2] 
US,N-b_Xb3l6Dk,"Tito ""El Bambino"", √ëengo Flow, Dj Nelson - Flow Callejero (Official Video)"
US,kYYDBEZfvj0,Streamer CRASHES OUT over 0 donations..
US,dnlpzcgAdN8,Vanessa DeÃÅsireÃÅ  -  SANS INIK feat WENDYYY  [Lyrics Video]
US,u5r1c759hJ0,Two Favorite Slots Battle It Out
US,YSlbxnQCmhA,MO3 - Cake Up (Official Video) (feat. Ralo)
US,z3KMkW0GVnk,Ex-Mr Beast member reacts to BEAST LAND
US,n09dofuUK3M,Gizwop -  Keep Trollin (Official Video)
US,seuxgKho9Xk,The Best Minecraft Video of 2025
US,Y-kxBS77bE4,Goo Goo Dolls - Iris (Lyrics)
US,UuSt-E8sn6w,Opening 100 FOOD LUCKY BLOCKS In Steal A Brainrot..
US,DGpKJLU4LHM,her
AU,1F_AEJbNT7Q,Kerser - Hit For The Summer
AU,X6xQKNM1xA8,ELDEN RING NIGHTREIGN The Forsaken Hollows | Official Gameplay Reveal Trailer
AU,MK83clSv6-k,Race Highlights | 2025 Sao Paulo Grand Prix
AU,GxlMRrjrUFM,God Bless I Diljit Dosanjh I Aura I Ranbir Singh | Sunny Malton
AU,zHhR3daI3bY,Man Vs Baby | Official Trailer | Netflix
AU,d4yvBw1sfko,Gambit: Le Diable Blanc | Character Reveal | Marvel Rivals
AU,5P7u3SCL5os,Noah Rinker - Wherever I Go (Live from Sound Emporium)
AU,s9gSuKaKcqM,Marty Supreme | Official Trailer HD | A24
AU,ADaZLxI3uWg,KT vs T1 | WORLDS 2025 | Finals
AU,Dl_n2_ekfN4,Midnight Call (Official Video) - Harkirat Sangha | Starboy X | Rupan Bal | Interstellar 2025
AU,AuYmKbtnmEA,Michael | Official Trailer
AU,Xu_RCKtT23g,SIDEMEN AMONG US SHOCKWAVE MASTERCLASS: EXPLODE PLAYERS OUT OF THE MAP TO WIN
AU,SejoKXcFrDM,Haji Mastan (Official Video) Cheema Y | Gur Sidhu | Sukh Sanghera | Jasmeen Akhtar
AU,VDZfSyYqMfQ,"‚ÄúI Am Reichsmarschall Hermann G√∂ring‚Äù Scene - NUREMBERG (2025) Russell Crowe, Rami Malek"
AU,7EZGRJdSpUk,All Steal A Brainrots Meet Their GIRL Versions..
AU,0oIvIwJ3qKg,GlobeTrotter - Mahesh Babu | Priyanka Chopra | Prithviraj | SS Rajamouli | MM Keeravaani
AU,f2aTSMdfQg0,Honest Trailers | The Running Man (1987)
AU,-XvyVLSEq6o,TACO TUESDAY ADMIN ABUSE!
AU,lioR42laQBQ,Sunanda Sharma ‚Äì Dilbar (Official Video) | Latest Punjabi Song 2025 | Kaptaan | Geet
AU,XkM2spbL-ns,TURN UP // ORA by OneTap Skin Reveal Trailer
AU,GhAs9cfPVNg,kid tries to trap me but i trap him first
AU,n4HeHDMCCDg,C√©line Dion - I'm Alive (Lyrics)
AU,yqjMaKQskW8,The Super Mario Galaxy Movie Direct 11.12.2025
AU,DJp8K40TSxc,"State of Play Japan | November 11, 2025 [English Subtitles]"
AU,piSq8IioghU,"ITZY ""TUNNEL VISION"" M/V"
AU,YsQXu_9-7qA,Merv - Official Trailer | Prime Video
AU,5p_yM1ON3cQ,JYNXZI VS SPEED (Clash Royale)
AU,EhUXrKc9_gA,Olivia Dean - So Easy (To Fall In Love) in the Live Lounge
AU,3fU92zlwVLk,"Warhammer 40,000: 500 Worlds - Official Announcement Trailer"
AU,seuxgKho9Xk,The Best Minecraft Video of 2025
AU,Xgp7wlBfASA,Charli xcx - House featuring John Cale (Official Video)
AU,jsauQx_Fwrg,"The Family Man S3 - Official Trailer | Raj & DK | Manoj Bajpayee, Jaideep Ahlawat | Prime Video IN"
AU,EI2S4LITn8E,Dispatch | Episodes 7 & 8 Preview
AU,xnHMH1J2HZI,Dayglow - Can I Call You Tonight? (Lyrics)
AU,4iZZGBMlFbc,10DANCE | Official Trailer | Netflix
AU,r_LwYTezFlo,LOCKED IN
AU,zu5umkoKvl8,In The Dark
AU,6j562efruvg,So... Pixar's Toy Story 5 Trailer Is Finally Here...
AU,-IIPg8gKk_M,My New Staff Hate Me?! | Waterpark Simulator 4
AU,C_7pYZZokbc,Goo Goo Dolls - Iris (Lyrics)
AU,ZiyE33pWdU4,"Toy Story 5 Teaser, Mario Galaxy Movie Leak, New DCU Show & MORE!!"
AU,Qk0iCPmtLUA,Hermitcraft 11: Episode 1 - FRESH START!
AU,Ge9TNAQQbRo,4 Non Blondes - What's Up? (Lyrics)
AU,pOdEiK1NH_s,Wicked: For Good | Official Trailer (Universal Pictures) - HD
AU,-hs7hBfLFEk,Steal a Brainrot Admin Abuse (Taco Tuesday)
AU,lDVl76cmOhg,sombr - back to friends (Lyrics)
AU,2W7z4SB8Vy8,skibidi toilet: emergence | official trailer
AU,3m7bXL_7ju4,Cash CHOOSE The WRONG SLIDE in Minecraft
AU,MwsWKgX2DFs,Lord Huron - The Night We Met (Lyrics)
AU,Oz-k0wJBfL4,Panda Plan | Starring Jackie Chan | Official Trailer
NZ,xpzbVXZRQLo,Can't Be Us (OFFICIAL VIDEO) PREM DHILLON ft Sudesh Kumari | The Kidd  |  Latest Punjabi Songs 2025
NZ,723RZxnDWKE,Michael (2026) Official Teaser - Jaafar Jackson
NZ,Xu_RCKtT23g,SIDEMEN AMONG US SHOCKWAVE MASTERCLASS: EXPLODE PLAYERS OUT OF THE MAP TO WIN
NZ,GxlMRrjrUFM,God Bless I Diljit Dosanjh I Aura I Ranbir Singh | Sunny Malton
NZ,zHhR3daI3bY,Man Vs Baby | Official Trailer | Netflix
NZ,MK83clSv6-k,Race Highlights | 2025 Sao Paulo Grand Prix
NZ,zs7ISrSdVUI,Ellie Goulding - Love Me Like You Do (Lyrics Cover) | Pop Mage
NZ,NQypHE9_Fm4,Five Nights at Freddy's 2 | Official Trailer 2
NZ,ADaZLxI3uWg,KT vs T1 | WORLDS 2025 | Finals
NZ,3Nl2rdaddKw,"Chris Stapleton, Justin Timberlake - Tennessee Whiskey / Drink You Away | CMA Awards 2015"
NZ,s9gSuKaKcqM,Marty Supreme | Official Trailer HD | A24
NZ,Qk0iCPmtLUA,Hermitcraft 11: Episode 1 - FRESH START!
NZ,C_7pYZZokbc,Goo Goo Dolls - Iris (Lyrics)
NZ,jsauQx_Fwrg,"The Family Man S3 - Official Trailer | Raj & DK | Manoj Bajpayee, Jaideep Ahlawat | Prime Video IN"
NZ,lpld9Ob-JF0,Hermitcraft 11: Episode 1 - My New Farm
NZ,SejoKXcFrDM,Haji Mastan (Official Video) Cheema Y | Gur Sidhu | Sukh Sanghera | Jasmeen Akhtar
NZ,3fU92zlwVLk,"Warhammer 40,000: 500 Worlds - Official Announcement Trailer"
NZ,6dksQJulz4c,Roblox Contacted Me...
NZ,5GCfYLguTIs,BOYFRIEND(MUSIC VIDEO) KARAN AUJLA| SUNANDA | IKKY | Latest Punjabi Songs 2025
NZ,W6-1qR17ww0,HUNTING SEASON Official Trailer (2025) Mel Gibson
NZ,AjTVfzt4who,MY HEART HURTS | Dispatch (Episode 5 + 6)
NZ,Dl_n2_ekfN4,Midnight Call (Official Video) - Harkirat Sangha | Starboy X | Rupan Bal | Interstellar 2025
NZ,yT1ng2tiwLA,Percy Jackson & The Olympians | Official Trailer | Disney+
NZ,GhAs9cfPVNg,kid tries to trap me but i trap him first
NZ,KgpnfT5bgLY,Jana Nayagan ‚Äì Thalapathy Kacheri Lyric Video| Thalapathy Vijay| H Vinoth| Anirudh| Pooja Hegde| KVN
NZ,UJrghaPJ0RY,"Scream 7 | Official Trailer (2026 Movie) ‚Äì Neve Campbell, Courteney Cox"
NZ,7EZGRJdSpUk,All Steal A Brainrots Meet Their GIRL Versions..
NZ,Ge9TNAQQbRo,4 Non Blondes - What's Up? (Lyrics)
NZ,CMve2vXAQGQ,Pok√©mon Legends: Z-A ‚Äì Mega Dimension | See the Latest Trailer!
NZ,seuxgKho9Xk,The Best Minecraft Video of 2025
NZ,MwsWKgX2DFs,Lord Huron - The Night We Met (Lyrics)
NZ,2W7z4SB8Vy8,skibidi toilet: emergence | official trailer
NZ,eR8etM6XVEo,I Found a SECRET RITUAL in Steal a Brainrot
NZ,I3IcQsfC7jA,One Direction - Night Changes (Lyrics)
NZ,r4HusFmN4uw,120 Bahadur | Official Trailer | Farhan Akhtar | Raashii Khanna | 21st November
NZ,5p_yM1ON3cQ,JYNXZI VS SPEED (Clash Royale)
NZ,piSq8IioghU,"ITZY ""TUNNEL VISION"" M/V"
NZ,X6xQKNM1xA8,ELDEN RING NIGHTREIGN The Forsaken Hollows | Official Gameplay Reveal Trailer
NZ,r_LwYTezFlo,LOCKED IN
NZ,acA8Rr3gEco,Joji - Past Won't Leave My Bed (Official Video)
NZ,f2aTSMdfQg0,Honest Trailers | The Running Man (1987)
NZ,L3n33JKa6DU,New 3 TRACKS UPDATE + NEW BRAINROTS!
NZ,ORAZtsMBJzg,Creedence Clearwater Revival - Have You Ever Seen The Rain (Fan Celebration Version)
NZ,ebAznVtYY84,Ikkis - Official Trailer | In Cinemas Worldwide This Christmas | 25th December 2025
NZ,d4yvBw1sfko,Gambit: Le Diable Blanc | Character Reveal | Marvel Rivals
NZ,zh0P40GfvFA,NLE The Great - KO (Official Music Video)
NZ,VDZfSyYqMfQ,"‚ÄúI Am Reichsmarschall Hermann G√∂ring‚Äù Scene - NUREMBERG (2025) Russell Crowe, Rami Malek"
NZ,LFgOJX7WU6w,My BIGGEST Starter Base Ever! Hermitcraft 11 - Episode 1
NZ,2GPFLanHujM,Ïó∞Ï§Ä (YEONJUN) 'NO LABELS: PART 01' Official MV
NZ,RD1Y8JcVQYo,"FACKHAM HALL Trailer (2025) Damian Lewis, Jimmy Carr"
CA,TT-bkWOY4aY,I think I downloaded the wrong Supermarket Simulator
CA,piSq8IioghU,"ITZY ""TUNNEL VISION"" M/V"
CA,QGMRkHPAaVU,The Plague | Official Trailer | Joel Edgerton | HD | Independent Film Company
CA,nmrWKlDmaOo,67 has gone too far..
CA,dnlpzcgAdN8,Vanessa DeÃÅsireÃÅ  -  SANS INIK feat WENDYYY  [Lyrics Video]
CA,bjMnS7_u1Qg,Kingdom Come: Deliverance II Royal Edition - Official Launch Trailer
CA,ybPxI4QJre4,Our FIRST UPDATE Of Fortnite SIMPSONS!
CA,RORDnsn2a_0,Young Jonn  - Cash Flow (feat. Wizkid) [Official Music Video]
CA,Vcr0Ilejbmc,I Solved STRANGER THINGS 5 Before It Came Out (Film Theory)
CA,3m7bXL_7ju4,Cash CHOOSE The WRONG SLIDE in Minecraft
CA,EhUXrKc9_gA,Olivia Dean - So Easy (To Fall In Love) in the Live Lounge
CA,KSpDHlI_8ac,"Trailer Park Boys: Never Trust a Man with No Shirt On Reaction (S2,E6)"
CA,u5r1c759hJ0,Two Favorite Slots Battle It Out
CA,j3QtbSrej8M,Past Won't Leave My Bed
CA,uv-bx8thUb4,finding EVERY BRAINROT in Roblox find the brainrots‚Ä¶
CA,Dl_n2_ekfN4,Midnight Call (Official Video) - Harkirat Sangha | Starboy X | Rupan Bal | Interstellar 2025
CA,qeWRy8yaFNM,"The Worst ""Scary"" Games I Could Find"
CA,Vx2JgiecDso,GRAPH : GURLEZ AKHTAR & JP47 (HD VIDEO) MAD MIX | LATEST PUNJABI SONGS 2025 | NEW PUNJABI SONGS 2025
CA,GhAs9cfPVNg,kid tries to trap me but i trap him first
CA,EkhN7B_bqzU,Jessi (Ï†úÏãú) - 'Girls Like Me' MV
CA,bvIJO0PZh_o,üî¥Tacos Tuesday ADMIN ABUSE + Nouveaux Brainrots !
CA,riL4yxiKQ5c,Ashke 2 (Official Video) KS Makhan | Jassi X | Latest Punjabi songs 2025 | Latest Bhangra song 2025
CA,S_9FyQP8Rgk,J‚ÄôAI OBTENU MA PROPRE BASE SUR VOL UN BRAINROT !! (Incroyable)
CA,WluyjKEbCIM,Khabikhan ( Official Video ) Harf Cheema | Sudesh Kumari | Mahi Sharma | New Punjabi Songs 2025
CA,gPFkRxgfD3Q,I Made the WRONG Choice! - DISPATCH [Episode 1 & 2] 
CA,BN5FVimgkLU,Disde Ne Nanak | Diljit Dosanjh | Jaskirat Singh | Nawab Khan | Purab Mubarak Season 2
CA,JgS0OboovyQ,Changing Sizes EVERY MINUTE in Minecraft
CA,jZD2aHNHa0c,I Run
CA,_K-9DfCKyzk,We DOUBLED Our Most Jackpots EVER Won in an Hour!
CA,cdBH0tB1DLs,"Tom MacDonald - ""Equality"""
CA,aFgFZOh8M2s,Biggest Scandal in Gaming Right Now
CA,mvqjJmThBqA,Top 1 Hour Christmas Songs Playlist üéÑ Best Christmas Music 2025
CA,zWsv_ptWvus,Don't Feed Cows Meat!
CA,AJH7y_SmcKY,Tell The Devil I'm Busy
CA,EI2S4LITn8E,Dispatch | Episodes 7 & 8 Preview
CA,H13rI_6FypA,FKA twigs - Predictable Girl
CA,JcIf0AefPMo,"Why TRAPPER is the PERFECT 21,900 IQ role to expose impostors..."
CA,f64bIp06bdU,Koffi Olomide feat. Cindy le Coeur - Sieta (Clip officiel)
CA,bGfqFv1TA68,The Quest for Minecraft's New Rarest Mob
CA,BOtCBy_FSZE,"Fred again.., Ezra Collective, CA7RIEL & Paco Amoroso - Beto‚Äôs Horns, Ezra Remix (London, 25th June)"
CA,C38y3tp6B7o,I Coached iShowSpeed to BEAT Jynxzi in Clash Royale!
CA,MwsWKgX2DFs,Lord Huron - The Night We Met (Lyrics)
CA,6S2ZRHzDCb4,Making 10 STAR CLASS In 99 Nights in the Forestüî¶
CA,5sCIPlzPk0c,üíµTHE STREAM ENDS WHEN SOMEONE SAYS THE WORDüíµ
CA,B0DHucYYD0k,Sonic Racing: CrossWorlds - New Free Characters Update
CA,JwBlvcfR8ck,The FAST FREDBEAR Hello Neighbor mod traumatised me..
CA,NT2vqeypKgI,The Most Satisfying Break Ever?
CA,4aMz9xgn1LE,THE BOYS GO ON A ROADTRIP!
CA,eVt48S4HJdM,Jynxzi Coaches Doggie On GRIEF...
CA,GnJgwG9oGx8,We combined SIX different randomizers together...
GB,xO2V210-0hE,I played YET ANOTHER 8 Souls-Like games you've never heard of
GB,EkhN7B_bqzU,Jessi (Ï†úÏãú) - 'Girls Like Me' MV
GB,VDZfSyYqMfQ,"‚ÄúI Am Reichsmarschall Hermann G√∂ring‚Äù Scene - NUREMBERG (2025) Russell Crowe, Rami Malek"
GB,Lvpkh7_nYU0,We BROKE The Brainrot Dealer in Steal a Brainrot
GB,Ndswr4tDAyQ,"Toosii, YoungBoy Never Broke Again - Please Don't Go"
GB,i2N5jGG_v4Y,Man vs Baby | Official Trailer Reaction 
GB,X9vV8VkK9fE,Battlefield 6 has some problems right now...
GB,LY8Rnbj861M,Feelings | Subh | Sick Vibex (Music Videos)
GB,eevGDU8I-mc,The Family Plan 2 ‚Äî Official Trailer | Apple TV+
GB,B0DHucYYD0k,Sonic Racing: CrossWorlds - New Free Characters Update
GB,RORDnsn2a_0,Young Jonn  - Cash Flow (feat. Wizkid) [Official Music Video]
GB,e67Fc8ashBs,Kingdom Come: Deliverance II - Mysteria Ecclesiae DLC Launch Trailer
GB,z3KMkW0GVnk,Ex-Mr Beast member reacts to BEAST LAND
GB,fmONdSPfCXc,Creedence Clearwater Revival - Fortunate Son (Fan Celebration Version)
GB,m06bJ2MEPYc,Stranger Things 5 | Final Trailer | Netflix
GB,oFvVe_O2HKs,I Found The OLDEST Brainrot In Steal A Brainrot!
GB,Y3Et23FlvDw,"ITZY ""TUNNEL VISION"" Dance Practice (School Look ver.) (4K)"
GB,DU6QGOwi4g8,Emily in Paris | Season 5 Official Teaser | Netflix
GB,HOFNRfIEWI8,FLYING FREDBEAR GOT EVEN SCARIER..
GB,asrCyZ9vdss,"The Chainsmokers, Halsey - Closer (Lyrics)"
GB,6S2ZRHzDCb4,Making 10 STAR CLASS In 99 Nights in the Forestüî¶
GB,lofT9O9PhEM,HAVEN. - I RUN (Lyrics)
GB,TT-bkWOY4aY,I think I downloaded the wrong Supermarket Simulator
GB,vTbSvWUVCCQ,The Fray - How to Save a Life
GB,JwBlvcfR8ck,The FAST FREDBEAR Hello Neighbor mod traumatised me..
GB,GxlMRrjrUFM,God Bless I Diljit Dosanjh I Aura I Ranbir Singh | Sunny Malton
GB,r_LwYTezFlo,LOCKED IN
GB,ZUlGRZXkmP0,Challa Sohne Hath Challa 2
GB,JgS0OboovyQ,Changing Sizes EVERY MINUTE in Minecraft
GB,JOggThOrauk,Barry Manilow - Once Before I Go (Official Music Video)
GB,kYYDBEZfvj0,Streamer CRASHES OUT over 0 donations..
GB,xNAIOnpWepE,DJ Snake - In The Dark (with Stray Kids) (Official Lyric Video)
GB,ROttkRRdvi0,üî¥LIVE ROBLOX! PLAYING STEAL A BRAINROT WITH VIEWERS *NEW UPDATE* #roblox #shorts
GB,0UMpjatTsL0,Sajjan Raj Vaidya - Suskera [Official Music Video]
GB,ySmOBJ0Or9s,Can My Dad Win the Premier League in 10 Seasons
GB,f64bIp06bdU,Koffi Olomide feat. Cindy le Coeur - Sieta (Clip officiel)
GB,seuxgKho9Xk,The Best Minecraft Video of 2025
GB,piSq8IioghU,"ITZY ""TUNNEL VISION"" M/V"
GB,4aMz9xgn1LE,THE BOYS GO ON A ROADTRIP!
GB,BOtCBy_FSZE,"Fred again.., Ezra Collective, CA7RIEL & Paco Amoroso - Beto‚Äôs Horns, Ezra Remix (London, 25th June)"
GB,06SC3Ffy3Gw,"Red Light, Green Light‚Ä¶ BIG WIN? The New Squid Game Slot üé∞"
GB,mvqjJmThBqA,Top 1 Hour Christmas Songs Playlist üéÑ Best Christmas Music 2025
GB,g7TbH4Bty7A,STEAL A BRAINROT GIVEAWAY LIVE | STEAL A BRAINROT FREE SECRETS + FREE BRAINROT GODS
GB,x8Y12v9fkFE,This ICON Changed My Team...
GB,LyO3HVjRAgc,Starting Over But You Can BUY Hacked Items!
GB,aGuD_NlUeKg,Level UP: Funniest Mario Videos (FULL MOVIE!)
GB,IbsdEs1ZrB8,Deadcam
GB,FwByCiebrak,Pirate Software: The Legacy of a Liar
GB,jnXF10cirPI,I Spent $500 to UPGRADE MY SUBSCRIBERS FC 26 Account For UEFA PRIMETIME!
GB,gPFkRxgfD3Q,I Made the WRONG Choice! - DISPATCH [Episode 1 & 2] 
US,JgS0OboovyQ,Changing Sizes EVERY MINUTE in Minecraft
US,QBQIsoe13oc,Lil Noonie - Choppa Season (Official Music Video)
US,ybPxI4QJre4,Our FIRST UPDATE Of Fortnite SIMPSONS!
US,1P-5P-0wBjo,HUMBE - Morfina
US,TT-bkWOY4aY,I think I downloaded the wrong Supermarket Simulator
US,ujo5hFzo2SI,Blueface - Baby Girl (OFFICIAL MUSIC VIDEO) @RLPvids
US,3m7bXL_7ju4,Cash CHOOSE The WRONG SLIDE in Minecraft
US,oqHC8z01aFY,LAJA - DESESPERANZA (Video Oficial) Shot.by ‚Ä™‚Ä™‚Ä™@checkthefootage  #spanishdrill 
US,r_LwYTezFlo,LOCKED IN
US,FKpmXvgVI_8,THF Gbaby-‚ÄúMan up Band up‚Äù [Official Video](Shot By: ‚Äã@tdwiththashot )
US,B0DHucYYD0k,Sonic Racing: CrossWorlds - New Free Characters Update
US,Xgp7wlBfASA,Charli xcx - House featuring John Cale (Official Video)
US,FwByCiebrak,Pirate Software: The Legacy of a Liar
US,xD_baftvG6o,I Don't Care
US,4aMz9xgn1LE,THE BOYS GO ON A ROADTRIP!
US,0oIvIwJ3qKg,GlobeTrotter - Mahesh Babu | Priyanka Chopra | Prithviraj | SS Rajamouli | MM Keeravaani
US,uv-bx8thUb4,finding EVERY BRAINROT in Roblox find the brainrots‚Ä¶
US,SUO-tN8tW9g,Kid Cudi - Maui Wowie (Lyrics) | going back to honolulu to get that maui wowie (432Hz)
US,dumepdQGLuw,THERES NO WAY ITS ACTUALLY OVER | Amanda The Adventurer 3 (Full Game)
US,cMHGtp8GYms,Gabe Watkins - I Still Do (Official Visualizer)
US,_K-9DfCKyzk,We DOUBLED Our Most Jackpots EVER Won in an Hour!
US,EhUXrKc9_gA,Olivia Dean - So Easy (To Fall In Love) in the Live Lounge
US,5WHfMVfqCEQ,EVERYTHING NEW Coming To Season 5 Of Marvel Rivals
US,1aKB8rt7waI,"El Alfa ""El Jefe"" x FARIANA - QUITA Y PONE | Video Oficial"
US,L2L3aEbnAH0,EATING my CRUSH'S World in Minecraft!
US,Y_C-_w_xGrI,G Herbo - No Bap (Official Audio)
US,p1uo-VQxMgo,MMG's Madden 26 Fantasy Draft! Chargers Franchise Ep. #1
US,orH1tBGz3aM,Jos√© Jos√© - Volc√°n (Letra/Lyrics)
US,qeWRy8yaFNM,"The Worst ""Scary"" Games I Could Find"
US,ilM_UnGuMYk,Sacred Light (VIVINOS - ALNST Sub : Luka Part.2)
US,6y7aw6z3h6Y,"Rock, Paper, Scissors Builds My Team"
US,EkhN7B_bqzU,Jessi (Ï†úÏãú) - 'Girls Like Me' MV
US,EI2S4LITn8E,Dispatch | Episodes 7 & 8 Preview
US,Nlq5rAAFNzM,Vicente Fern√°ndez - Un Mill√≥n de Primaveras (Letra)
US,oFvVe_O2HKs,I Found The OLDEST Brainrot In Steal A Brainrot!
US,cdBH0tB1DLs,"Tom MacDonald - ""Equality"""
US,JwBlvcfR8ck,The FAST FREDBEAR Hello Neighbor mod traumatised me..
US,UjTxP8g0yr8,Taylor Austin Dye - Little Green Men (Official Music Video)
US,LEOgJHg1UhQ,Stream ENDS if I Lose BENGALS with in Madden
US,O6IzPGu8b00,Belly
US,YK-tdkw3Owc,Marvel Rivals First Look Gambit Gameplay & Abilities Showcase
US,FivdPVcaZIs,Rutshelle Guillaume - Tag Li (feat. Bamby) [Official Lyric Video]
US,4W7q0reGoA8,I traded my ARP for a AK47 in GTA 5 RP..
US,C-5CsCc1dSc,Mello Buckzz - There She Go (Official Music Video)
US,fHVs1d_j2R0,We Become FUNNY WIZARDS with CRAZY MAGIC POWERS!
US,piSq8IioghU,"ITZY ""TUNNEL VISION"" M/V"
US,Xwjy1tnMx3I,NEW *FIVE GUN* UPDATE in Fortnite!
US,xNAIOnpWepE,DJ Snake - In The Dark (with Stray Kids) (Official Lyric Video)
US,5sCIPlzPk0c,üíµTHE STREAM ENDS WHEN SOMEONE SAYS THE WORDüíµ
US,VUS3wmCOkC8,MIRACLE CATASTROPHE WITH LYRICS | Forsaken Cover | Ft: @PAPERJAMAZ
NZ,zg0k-KJwpBM,Who Mined The Best OVERPOWERED Items in Minecraft?
NZ,TN4LP7j5cbo,JISOO X ZAYN - EYES CLOSED (OFFICIAL LYRIC VIDEO)
NZ,a6lzvWby9UE,Pluribus ‚Äî Official Trailer | Apple TV
NZ,u_hVGzUbqhA,On the path to DECKED OUT 3! - Hermitcraft 11: #1
NZ,vVDp1ulBKIk,Chikiri Chikiri Video Song | Peddi | Ram Charan | Janhvi | Buchi Babu Sana | AR Rahman|Mohit Chauhan
NZ,TDMPv4Cv2RE,"Chatha Pacha: The Ring of Rowdies Malayalam Teaser, Arjun Ashokan, Roshan Mathew, Shankar Ehsaan Loy"
NZ,-IIPg8gKk_M,My New Staff Hate Me?! | Waterpark Simulator 4
NZ,67JOBIX2MsU,"Don‚Äôt Stop Believin‚Äô - Music Travel Love & Friends (at Shura Island, The Red Sea)"
NZ,9I4FKW0tlFU,"Delhi Crime: Season 3 | Official Trailer | Shefali Shah, Huma Qureshi, Rasika Dugal | Netflix"
NZ,8q6tDjxpajQ,NO MORE SECRETS (Dispatch 5 & 6)
NZ,ledf8KLikZw,Jatta Love You (Official Video) Gulab Sidhu | Jasmeen Akhtar | Pranjal Dahiya | New Punjabi Songs
NZ,qfcysUGAZ5M,Dies Irae - Release Trailer (Malayalam) | Pranav Mohanlal
NZ,EI2S4LITn8E,Dispatch | Episodes 7 & 8 Preview
NZ,AOEklH8Eyw4,Hilary Duff - Mature (Official Video)
NZ,trBcQ6WbvTs,DAY 1 RECAP - Hermitcraft Recap Season 11 START!
NZ,0uAZUV3LWco,Hooligan Hefs - She Will (with Day1)
NZ,MrqvpwfiRbU,I Built the FIRST space settlement in Vanilla Rust...
NZ,qNw8ejrI0nM,DADDY YANKEE || BZRP Music Sessions #0/66
NZ,3m7bXL_7ju4,Cash CHOOSE The WRONG SLIDE in Minecraft
NZ,NCuFonpf-qk,XLOV ÏóëÏä§Îü¨Î∏å 'Rizz' MV
NZ,kC65Z6d77ZQ,R.E.P.O Added New Monsters...
NZ,J3LkpLD_GAQ,Duniya (Official Video) - Sikandar X Gulab Sidhu | Punjabi Songs 2025
NZ,Q8O0q9us0J8,ROBLOX NOOOOO
NZ,-oZhmfdB4Yw,PARAM - MERA MAHI (OFFICIAL MUSIC VIDEO)
NZ,5F-hg0B_BSE,KT vs T1 | Í≤∞ÏäπÏ†Ñ | 2025 ÏõîÎìú Ï±îÌîºÏñ∏Ïã≠
NZ,zVSfAzluGuU,TEE49 - O Le Pi Tautau (Official Music Video) feat. Umu Bourne & Lewis On Da Track
NZ,ybPxI4QJre4,Our FIRST UPDATE Of Fortnite SIMPSONS!
NZ,bS87vfmpYV4,Khund Puraney  ( Official Music Video ) Garry Sandhu | New Punjabi Song 
NZ,kYYDBEZfvj0,Streamer CRASHES OUT over 0 donations..
NZ,B-2BCSxnyHA,Deewane (Official Video ) Navaan Sandhu Ft Bir | Daaku | New Punjabi Songs 2025
NZ,YFmakMh8sWU,2 Minecraft Pros VS 1000 Players
NZ,NrlpcWlcGts,Endless Summer Nights (Richard Marx) | Lexington Lab Band
NZ,5J-YUPdbYoQ,Speedrunning Every Video Game
NZ,1jxH1ZpO5Pk,Bulle Bachde | Arjan Dhillon (VIDEO) Mxrci | Punjabi Song
NZ,rb9qH1tqB4E,I Became A MONKEY.. (VR)
NZ,0HhRNbZ0wRY,Ren x The Skinner Brothers - Dream Life (flashing lights warning)
NZ,gLLWIU1X3tc,HIDE AND SEEK! *SIMPSONS SEASON*
NZ,htQBS2Ikz6c,ROSAL√çA - Berghain (Official Video) feat. Bj√∂rk & Yves Tumor
NZ,QfdtXkaVrsE,Roblox Labryn In Real Life
NZ,PdMdbiY6-lE,Taylor Swift - The Fate of Ophelia (Alone In My Tower Acoustic Version) (Visualizer)
NZ,rMWyL45qKOY,"267,000 subs ü§£ü§£ü§£"
NZ,OKCciz8ihrw,Raise your Flag Samoa
NZ,L6ksgXBE0Qk,Joel's Goals! Hermitcraft Season 11 Ep.1
NZ,YcpMVsvK8pk,Madison Beer - bittersweet (Official Music Video)
NZ,YCxuX6G7FcA,SOLO Player VS 1000 Minecraft Hunters
NZ,7UH7N0PNthA,Toronto | Raj Brar X Josh Brar | Official Song 2025
NZ,nmrWKlDmaOo,67 has gone too far..
NZ,bDMqoIq1kjo,Twilight‚Äôs End | 2025 Season 3 Cinematic - League of Legends
NZ,vznaFM3r4-g,WORLD FINALS 2025 - T1 VS KT
NZ,8PEFT_GEPWk,SIDEMEN AMONG US: OVERPOWERED ROLES EDITION
AU,uv-bx8thUb4,finding EVERY BRAINROT in Roblox find the brainrots‚Ä¶
AU,0UMpjatTsL0,Sajjan Raj Vaidya - Suskera [Official Music Video]
AU,QGMRkHPAaVU,The Plague | Official Trailer | Joel Edgerton | HD | Independent Film Company
AU,lpld9Ob-JF0,Hermitcraft 11: Episode 1 - My New Farm
AU,vVDp1ulBKIk,Chikiri Chikiri Video Song | Peddi | Ram Charan | Janhvi | Buchi Babu Sana | AR Rahman|Mohit Chauhan
AU,ewjc3ZM9RSU,X-MEN ARE BACK...kinda...MAX REACTS: TOKON BETA 2 Trailer
AU,HOFNRfIEWI8,FLYING FREDBEAR GOT EVEN SCARIER..
AU,3Nl2rdaddKw,"Chris Stapleton, Justin Timberlake - Tennessee Whiskey / Drink You Away | CMA Awards 2015"
AU,IFr-qgL-pRo,KPOP DEMON HUNTERS 2 - First Trailer (2029) Netflix & Sony Animation
AU,u5r1c759hJ0,Two Favorite Slots Battle It Out
AU,FikdKWos-NQ,SOOBIN - Binz - NSND Hu·ª≥nh T√∫ | M·ª•c H·∫° V√¥ Nh√¢n (Official MV)
AU,-SzkFgEqB6Y,Kill Bill: The Whole Bloody Affair (2025) Official Trailer - Uma Thurman
AU,nmrWKlDmaOo,67 has gone too far..
AU,O8mGzFPfDeg,Kahli Aa
AU,kYYDBEZfvj0,Streamer CRASHES OUT over 0 donations..
AU,xNNkVmpPzf4,Easy
AU,w8ddrhcaqLk,"Branching Paths | Critical Role | Campaign 4, Episode 5"
AU,0uAZUV3LWco,Hooligan Hefs - She Will (with Day1)
AU,xaK1nEXBBdw,SAMMY turned his mic on üíÄ
AU,WluyjKEbCIM,Khabikhan ( Official Video ) Harf Cheema | Sudesh Kumari | Mahi Sharma | New Punjabi Songs 2025
AU,4aMz9xgn1LE,THE BOYS GO ON A ROADTRIP!
AU,BOtCBy_FSZE,"Fred again.., Ezra Collective, CA7RIEL & Paco Amoroso - Beto‚Äôs Horns, Ezra Remix (London, 25th June)"
AU,bGfqFv1TA68,The Quest for Minecraft's New Rarest Mob
AU,EkhN7B_bqzU,Jessi (Ï†úÏãú) - 'Girls Like Me' MV
AU,z3KMkW0GVnk,Ex-Mr Beast member reacts to BEAST LAND
AU,2_OPAWQd8S4,"Philip Bailey, Phil Collins - Easy Lover (Lyrics)"
AU,rb9qH1tqB4E,I Became A MONKEY.. (VR)
AU,NAEZMzVVw2s,Always The Same
AU,xO2V210-0hE,I played YET ANOTHER 8 Souls-Like games you've never heard of
AU,acA8Rr3gEco,Joji - Past Won't Leave My Bed (Official Video)
AU,_K-9DfCKyzk,We DOUBLED Our Most Jackpots EVER Won in an Hour!
AU,HyVXjyq8YUA,Samir Shrestha - Mero Mana Ma ( Rendition ) (Official Music Video) 
AU,eS5sT8S37Os,"Minecraft, But Drops Are Guns..."
AU,AOEklH8Eyw4,Hilary Duff - Mature (Official Video)
AU,gPFkRxgfD3Q,I Made the WRONG Choice! - DISPATCH [Episode 1 & 2] 
AU,cMHGtp8GYms,Gabe Watkins - I Still Do (Official Visualizer)
AU,FwByCiebrak,Pirate Software: The Legacy of a Liar
AU,X1EMiojYjdk,Billie Eilish - BIRDS OF A FEATHER (Lyrics Cover) | Pop Mage
AU,6dksQJulz4c,Roblox Contacted Me...
AU,dG_303XRNcw,Arijit Singh - Apna Bana Le Lofi Mix | Varun Dhawan & Kriti Sanon | Sachin-Jigar | Bhediya
AU,zWsv_ptWvus,Don't Feed Cows Meat!
AU,dR9B_gPxjkk,Kiliye Kiliye - Video Song | Lokah Chapter 1: Chandra | Kalyani Priyadarshan | Naslen | Dominic Arun
AU,bzorl6N8aew,How did we end up in The Backrooms AGAIN?
AU,sEeXBvk_t8Y,Ìò∏Ïãú (HOSHI) 'Fallen Superstar' Official MV
AU,trBcQ6WbvTs,DAY 1 RECAP - Hermitcraft Recap Season 11 START!
AU,YG6_e_FkFNs,Maluma - Felices Los 4 (Letra/Lyrics)
AU,GnJgwG9oGx8,We combined SIX different randomizers together...
AU,z1UeVILC10w,Morning Light - Dynamic Deep House
AU,WDVYkS_AVUQ,uh oh
AU,EW7SHWYNmxY,Jaani - Apsraa 2 | Asees Kaur | Bunny | Arvvindr S Khaira | Desi Melodies | Latest Punjabi Song 2025
GB,IU7v1_U2LGw,You NEED To Complete The UEFA Primetime Tournament! üî•
GB,-YileDM61LI,MY FIRST FC 26 DRAFT! (FC 26 Packed Out #37)
GB,fvOyAAjVJEk,2.0 genius cycle
GB,u5r1c759hJ0,Two Favorite Slots Battle It Out
GB,pqXaXIsbBDQ,MONSTER BONUSES & HUGE HITS!
GB,wxpActQKiRs,Can you play Skyrim using ONLY Scrolls?
GB,tXXN07KB9Xc,The Fallout 4 Anniversary Situation Just Got Worse...
GB,O3VPYvBp7wE,TINY VS GIANT Hide & Seek In Roblox Rivals...
GB,QvYub5tVwEo,Fortnite‚Äôs *NEW* Simpsons Update is HUGE!
GB,iUB0LIivBXM,100x BASE ICON & HERO PACKS! üö® FC 26 Ultimate Team
GB,NskYwrG9FRU,Will We Make the Play-Offs in Our First Season?!
GB,IRDTOG4MRBo,Did EA Give Up On This Promo!?
GB,GnJgwG9oGx8,We combined SIX different randomizers together...
GB,bGfqFv1TA68,The Quest for Minecraft's New Rarest Mob
GB,zWsv_ptWvus,Don't Feed Cows Meat!
GB,84bSdQHloCI,Building a SECRET BASE to TRAP MY SUBSCRIBERS In BLOXBURG
GB,fQpR2VfOukI,I Snuck Into an OWNER ONLY Server In Steal A Brainrot!
GB,HXdG2sZmLmg,I Used The Highest Stat In Every Position!
GB,5WHfMVfqCEQ,EVERYTHING NEW Coming To Season 5 Of Marvel Rivals
GB,EI2S4LITn8E,Dispatch | Episodes 7 & 8 Preview
GB,C38y3tp6B7o,I Coached iShowSpeed to BEAT Jynxzi in Clash Royale!
GB,bddpHW-b1w4,Testing the New FC26 Patch
GB,pyssbshC0TA,üò±–ú–∞–∫—Å–∏–º–∞–ª—å–Ω–∞—è –£–¥–∞—á–∞ –Ω–∞ –î–õ–ò–ù–ù–û–ú –ö–û–ù–í–ï–ï–†–ï –ù–∞ –ê–î–ú–ò–ù–°–ö–û–ú –°–ï–†–í–ï–†–ï –° SAMMY –≤ Steal a Brainrot..
GB,Le58h0na8uI,"Steal A Brainrot, But The Merchant is OVERPOWERED.."
GB,2kQzooj6--s,Dragon Ball SPARKING Zero Has A RAGING Problem üòÇ
GB,qeWRy8yaFNM,"The Worst ""Scary"" Games I Could Find"
GB,P5tolw-iq5w,Making England a Black Hole in EU5.
GB,12BgWn8cYJg,EXPLICIT VANOSS CREW MEMES!
GB,aFgFZOh8M2s,Biggest Scandal in Gaming Right Now
GB,igfjZb_d89A,ROBLOX EVICTION NOTICE
GB,OAcHwM850XE,Fighting My Friends on 1 Minecraft Chunk
GB,UOHlWA_aSHk,I MADE SOME BIG DEADLINE DAY DECISIONS!!! FC26 Career Mode Episode 2
GB,f6yROz3wYSk,LIVE ROBLOX STEAL A BRAINROT WITH EVERY VIEWERS DAY 1
GB,GagRM8ixoYE,I used a 10 Million Coin PRIMETIME team!
GB,KSoReLSExIA,30 x Hero & Icon Packs! üòç
GB,hrR1KRJ4khs,How to Kill the Queen FAST with a Blaze Trap  ARC Raiders XP Guide
GB,mmrr59zKvqc,Pok√©mon Royal Sapphire Hardcore Nuzlocke - No Calcs!
GB,pn7KOh89Eis,"GTA 5 - Franklin, Trevor & Michael GO on HOLIDAY!"
GB,gm5e2PWip2A,Elden Ring Nightreign DLC Looks INSANE! | GAMEPLAY BREAKDOWN!
GB,doJikJE03bQ,Sony State of Play Japan | November 2025
GB,nmpt38NF6JE,Playing as a HELPFUL ADMIN in Minecraft!
GB,Q_GJP683PJU,üî¥ LIVE! - NEW UPDATE *5 GUN* and *DONUT STORM* in FORTNITE!
GB,v4kkWW4AlzU,TRANSFORMEI os BLOCOS EM L√çQUIDO no Minecraft!
GB,QC5vUWHio48,The WORST FUT Champs of All Time
GB,yi-b_DEiEnk,I formed PRUSSIA in EU5!
GB,zMLdAuQwZcY,10 Game Mechanics That NEED TO MAKE A COMEBACK
GB,b3Xo-lbte04,We Got Real JOBS in GTA 5
GB,KTx1F-gIF5k,I PACKED A $7000+ DISNEY CARD!
GB,JcIf0AefPMo,"Why TRAPPER is the PERFECT 21,900 IQ role to expose impostors..."
GB,1t717lnMs_0,Adopted By TRILLIONARES in Steal A Brainrot!
CA,dumepdQGLuw,THERES NO WAY ITS ACTUALLY OVER | Amanda The Adventurer 3 (Full Game)
CA,1q08YyPwCv4,Je teste des h√¥tels pour GAMERS !
CA,YK-tdkw3Owc,Marvel Rivals First Look Gambit Gameplay & Abilities Showcase
CA,5WHfMVfqCEQ,EVERYTHING NEW Coming To Season 5 Of Marvel Rivals
CA,wPKVDXjepjU,SAMMY d√©cide mes BRAINROTS sur Steal a Brainrot
CA,Lvpkh7_nYU0,We BROKE The Brainrot Dealer in Steal a Brainrot
CA,Xwjy1tnMx3I,NEW *FIVE GUN* UPDATE in Fortnite!
CA,oFvVe_O2HKs,I Found The OLDEST Brainrot In Steal A Brainrot!
CA,X9vV8VkK9fE,Battlefield 6 has some problems right now...
CA,cqT3bnEkuEU,I Was Hired To Destroy Homes for Insane Profit in Deconstruction Simulator
CA,eS5sT8S37Os,"Minecraft, But Drops Are Guns..."
CA,fHVs1d_j2R0,We Become FUNNY WIZARDS with CRAZY MAGIC POWERS!
CA,JlJN4nn46IE,Minecraft But There's BRAINROT HEARTS!
CA,L2L3aEbnAH0,EATING my CRUSH'S World in Minecraft!
CA,wxpActQKiRs,Can you play Skyrim using ONLY Scrolls?
CA,QzJlhIEeGKE,I Built My Team Through Only Using Players I Drafted
CA,s-u6ulS-f2E,I Demanded a Huge Trade in Madden Superstar‚Ä¶
CA,12BgWn8cYJg,EXPLICIT VANOSS CREW MEMES!
CA,LyO3HVjRAgc,Starting Over But You Can BUY Hacked Items!
CA,w8ddrhcaqLk,"Branching Paths | Critical Role | Campaign 4, Episode 5"
CA,Ihkk93hpwTQ,How Riot Accidentally made Zaahen the Best Jungler in the game (1200 AD!! 1v5 God Mode)
CA,3jeU_0LX1Hc,LOGBAIT PUSHING!! - Clash Royale
CA,ASoA5xRk6SM,THE HARDEST CHOICE (Dispatch Episode 3 & 4)
CA,aK39Em4Ep7g,Pokemon's $250 Premium Charizard Box is REALLY GOOD
CA,29Q_dcNFTFA,I created so much garbage the world ended
CA,P5tolw-iq5w,Making England a Black Hole in EU5.
CA,WDVYkS_AVUQ,uh oh
CA,2JJVL_8xrsE,Introducing Spiritforged! Riftbound‚Äôs Second Set
CA,mdTWG5NlWXk,I Built the Most SECURE AFK Base in 99 Nights in the Forest!
CA,cJAiI5HGNN8,"My Biggest Slot Bonus Buy Ever ($5,000)"
CA,91DZ0u9lkBQ,iShowSpeed's First Time Playing Steal a Brainrot!
CA,tXXN07KB9Xc,The Fallout 4 Anniversary Situation Just Got Worse...
CA,BYiJAM_E_f8,All Mega Dimension Returning Pokemon - Legends Z-A DLC
CA,qJmH3jZCcew,yellow shoes girl
CA,qr2cHYC3Z1M,üî¥ FORCEDROP –í–´–ë–ò–õ 4 –ù–û–ñ–ê CS GO 2  - –ö–ï–ô–° –ë–ê–¢–õ –Ω–∞ DINODROP - –†–ï–ö–û–†–î CS GO 2
CA,8Lg7-jYa0Bw,Let's Play ALL of Zelda Age of Imprisonment
CA,gjWf0xeOyCU,I Went ALL IN With $480 MAX BETS on MONOPOLY TRAIN EXPRESS Slot Machine!
CA,iqyfFUVYp84,Roblox Forsaken Theory: How Did Every Killer Die?
CA,9CAqqxSDai4,Ces gars saccagent vos jeux-vid√©o
CA,hNeBqHeoFRM,What Does it Mean to be a Hero? | Dispatch Episodes 5-6
CA,MoDMU3oeKEM,Kacky Maps that Make Even Less Sense...
CA,yonsOJKL7XM,Baby to Mecha Copper Golem in Minecraft
CA,2LTklbYj7qg,I HACKED the Brainrot Dealer In Steal a Brainrot
CA,LScjBRJJFno,Whatever I Draw COMES to LIFE in Steal a Brainrot!
CA,O3VPYvBp7wE,TINY VS GIANT Hide & Seek In Roblox Rivals...
CA,S-8nqsZStwQ,Nintendo Seemed Unstoppable. Until Today.
CA,0QNCbcrOZzU,TIMTHETATMAN ARC RAIDERS DAY 9
CA,b3Xo-lbte04,We Got Real JOBS in GTA 5
CA,Zm0ZvfAvf-Q,HOW TO BEAT HACKERS IN ARC RAIDERS
CA,MK83clSv6-k,Race Highlights | 2025 Sao Paulo Grand Prix
US,GhAs9cfPVNg,kid tries to trap me but i trap him first
US,H13rI_6FypA,FKA twigs - Predictable Girl
US,12BgWn8cYJg,EXPLICIT VANOSS CREW MEMES!
US,7t_X6og1fXk,Cody Johnson - Travelin' Soldier (From The Stage)
US,O3VPYvBp7wE,TINY VS GIANT Hide & Seek In Roblox Rivals...
US,tx3OirkhX0g,Breaking Rust - Walk My Walk ( Official Lyric Video )
US,0QNCbcrOZzU,TIMTHETATMAN ARC RAIDERS DAY 9
US,ST6dB8EO54A,The Neighbourhood - Sweater Weather (Lyrics)
US,JcIf0AefPMo,"Why TRAPPER is the PERFECT 21,900 IQ role to expose impostors..."
US,MwsWKgX2DFs,Lord Huron - The Night We Met (Lyrics)
US,kJ4u-A2Pccg,PDSlots5150 is live!
US,SejoKXcFrDM,Haji Mastan (Official Video) Cheema Y | Gur Sidhu | Sukh Sanghera | Jasmeen Akhtar
US,aFgFZOh8M2s,Biggest Scandal in Gaming Right Now
US,cJAiI5HGNN8,"My Biggest Slot Bonus Buy Ever ($5,000)"
US,ccZV_IMwkCM,Escaping cops by using a WINGSUIT in GTA 5 RP!
US,Q_GJP683PJU,üî¥ LIVE! - NEW UPDATE *5 GUN* and *DONUT STORM* in FORTNITE!
US,wxpActQKiRs,Can you play Skyrim using ONLY Scrolls?
US,0d2MoOb72qc,ROBLOX FIND THE EMOTES...!? (ROBLOX ADDED THE CRAZIEST EMOTES!)
US,f4Zv8T6FXOc,Destroying MY CRAZY FAN GIRLS With New SNIPER GLITCH In Rivals...
US,LyO3HVjRAgc,Starting Over But You Can BUY Hacked Items!
US,iSY9TS8uBQw,Almost at ULTRA looting PERK in Arc RAIDERS!
US,bGfqFv1TA68,The Quest for Minecraft's New Rarest Mob
US,eS5sT8S37Os,"Minecraft, But Drops Are Guns..."
US,vlY8fq2s4b4,üî¥LIVE | ARC RAIDERS w/ CLOAKZY & SUMMIT | !giveaway | #BUNGULATE
US,Lvpkh7_nYU0,We BROKE The Brainrot Dealer in Steal a Brainrot
US,6S2ZRHzDCb4,Making 10 STAR CLASS In 99 Nights in the Forestüî¶
US,GnJgwG9oGx8,We combined SIX different randomizers together...
US,jKduM6rQmTY,Trixshot Tuesday
US,C38y3tp6B7o,I Coached iShowSpeed to BEAT Jynxzi in Clash Royale!
US,BYiJAM_E_f8,All Mega Dimension Returning Pokemon - Legends Z-A DLC
US,91DZ0u9lkBQ,iShowSpeed's First Time Playing Steal a Brainrot!
US,15eYBG0h3AA,First Look at Gambit's Gameplay | Every Ability Explained | New Strategist | Marvel Rivals
US,yoNMpThG0Dk,Episode 3.1: They Tried To Set Me Up?!  | GTA RP | Grizzley World Chiraq
US,X9vV8VkK9fE,Battlefield 6 has some problems right now...
US,iqyfFUVYp84,Roblox Forsaken Theory: How Did Every Killer Die?
US,nmaa1HFlTpc,We Are NEVER Playing R.E.P.O Again..
US,3jeU_0LX1Hc,LOGBAIT PUSHING!! - Clash Royale
US,VPmFtpaRXUk,RDC FINDS A WAY OUT OF PRISON... AGAIN!!! (CuffBust)
US,lFLryWSzC7s,These Rookies will be STARS! Madden 26 Saints Franchise
US,w8ddrhcaqLk,"Branching Paths | Critical Role | Campaign 4, Episode 5"
US,tXXN07KB9Xc,The Fallout 4 Anniversary Situation Just Got Worse...
US,aK39Em4Ep7g,Pokemon's $250 Premium Charizard Box is REALLY GOOD
US,ilBkzRvh1Go,Epic $500 Gambling Spins And It's The BEST Few Inches Later EVER....
US,84bSdQHloCI,Building a SECRET BASE to TRAP MY SUBSCRIBERS In BLOXBURG
US,_h_dwTjZKQE,"I Made $450,000,000,000,000,000,000,000,000,000,000,000 In Sushi For No Reason"
US,MtKTBHrqo90,BATTLEFIELD REDSEC Moments That Made Me Uninstall Warzone FOREVER
US,OqEpsnZzOzA,(VERIFYING) GRIEF 83% // 65%+ √ó65 // STREAM 291
US,P5tolw-iq5w,Making England a Black Hole in EU5.
US,igfjZb_d89A,ROBLOX EVICTION NOTICE
US,SE3FUls434Q,RV There Yet + Chained Together!?!?! Kill Me Now...
AU,kC65Z6d77ZQ,R.E.P.O Added New Monsters...
AU,ygXvV7p0ecE,Sin Bandera - Que Lloro (Letra/Lyrics)
AU,ybPxI4QJre4,Our FIRST UPDATE Of Fortnite SIMPSONS!
AU,lap5dn4Quxw,"John Fogerty - Who'll Stop The Rain (Live At Warner Bros. Studios, Burbank, CA / Dec. 12-13, 1997)"
AU,JgS0OboovyQ,Changing Sizes EVERY MINUTE in Minecraft
AU,igfjZb_d89A,ROBLOX EVICTION NOTICE
AU,oFvVe_O2HKs,I Found The OLDEST Brainrot In Steal A Brainrot!
AU,szI0FIKjk0A,Nick Eh 30 Snuck Into My Simpsons Hide & Seek!
AU,IG1yW6wiZ7o,The Worst Update Ever?
AU,C38y3tp6B7o,I Coached iShowSpeed to BEAT Jynxzi in Clash Royale!
AU,ASoA5xRk6SM,THE HARDEST CHOICE (Dispatch Episode 3 & 4)
AU,LFgOJX7WU6w,My BIGGEST Starter Base Ever! Hermitcraft 11 - Episode 1
AU,aFgFZOh8M2s,Biggest Scandal in Gaming Right Now
AU,IbsdEs1ZrB8,Deadcam
AU,mmrr59zKvqc,Pok√©mon Royal Sapphire Hardcore Nuzlocke - No Calcs!
AU,JcIf0AefPMo,"Why TRAPPER is the PERFECT 21,900 IQ role to expose impostors..."
AU,5J-YUPdbYoQ,Speedrunning Every Video Game
AU,5WHfMVfqCEQ,EVERYTHING NEW Coming To Season 5 Of Marvel Rivals
AU,h_tm5ps_0I8,iShowSpeed vs Jynxzi Clash Royale Wager!
AU,Xwjy1tnMx3I,NEW *FIVE GUN* UPDATE in Fortnite!
AU,6S2ZRHzDCb4,Making 10 STAR CLASS In 99 Nights in the Forestüî¶
AU,LScjBRJJFno,Whatever I Draw COMES to LIFE in Steal a Brainrot!
AU,gybnEVkXotY,DESTROYING WHAT I HAVE CREATED.
AU,89eC4Cy-a_8,"Solo Leveling: ARISE OVERDRIVE - Ants, Goblins, Hell Dogs and Sunglasses!"
AU,JwBlvcfR8ck,The FAST FREDBEAR Hello Neighbor mod traumatised me..
AU,Lvpkh7_nYU0,We BROKE The Brainrot Dealer in Steal a Brainrot
AU,GimiwO0Ftcg,These Are The Most Fun Cars In Sim Racing Right Now
AU,2C4xxs9bHck,I Built A SECRET ICEBERG BASE in Minecraft Hardcore
AU,qeWRy8yaFNM,"The Worst ""Scary"" Games I Could Find"
AU,LHb6u69dZtg,"I Got All 1,155 Achievements in Minecraft"
AU,KTx1F-gIF5k,I PACKED A $7000+ DISNEY CARD!
AU,qJmH3jZCcew,yellow shoes girl
AU,wxpActQKiRs,Can you play Skyrim using ONLY Scrolls?
AU,X9vV8VkK9fE,Battlefield 6 has some problems right now...
AU,2i1KnMNnRo8,Jynxzi Challenged Me For 1000$ // 500K SPECIAL
AU,84bSdQHloCI,Building a SECRET BASE to TRAP MY SUBSCRIBERS In BLOXBURG
AU,eVt48S4HJdM,Jynxzi Coaches Doggie On GRIEF...
AU,dumepdQGLuw,THERES NO WAY ITS ACTUALLY OVER | Amanda The Adventurer 3 (Full Game)
AU,P5tolw-iq5w,Making England a Black Hole in EU5.
AU,61l67sCjDlY,"FIRST HERMITCRAFT 11 STREAM! Paths, Tours, and Caving!"
AU,12BgWn8cYJg,EXPLICIT VANOSS CREW MEMES!
AU,aBCwDO0I6K4,Drunk Driving on a Road Trip
AU,u_hVGzUbqhA,On the path to DECKED OUT 3! - Hermitcraft 11: #1
AU,MtKTBHrqo90,BATTLEFIELD REDSEC Moments That Made Me Uninstall Warzone FOREVER
AU,S-8nqsZStwQ,Nintendo Seemed Unstoppable. Until Today.
AU,uAktYROQiRY,My Starter Base Is ALIVE! -  Hermitcraft 11 Episode 1
AU,L2L3aEbnAH0,EATING my CRUSH'S World in Minecraft!
AU,aGuD_NlUeKg,Level UP: Funniest Mario Videos (FULL MOVIE!)
AU,8Lg7-jYa0Bw,Let's Play ALL of Zelda Age of Imprisonment
AU,8PEFT_GEPWk,SIDEMEN AMONG US: OVERPOWERED ROLES EDITION
NZ,d-1n8ZqkHZo,playing steal a brainrot with ISHOWSPEED!!!
NZ,X9vV8VkK9fE,Battlefield 6 has some problems right now...
NZ,i2xx6HgWNZs,Lv16.....im Gonna Crash out
NZ,trTpEOBOQUQ,Roblox Meme Olympics
NZ,z3KMkW0GVnk,Ex-Mr Beast member reacts to BEAST LAND
NZ,szI0FIKjk0A,Nick Eh 30 Snuck Into My Simpsons Hide & Seek!
NZ,u5r1c759hJ0,Two Favorite Slots Battle It Out
NZ,bzorl6N8aew,How did we end up in The Backrooms AGAIN?
NZ,qQJMbC1Ibes,99 NIGHTS IN THE FOREST BUT THE PELT TRADER IS MY BOYFRIEND...
NZ,PorfJhrc6JY,Australia v India 2025-26 | Third T20I
NZ,tT10eD4BRi4,TROLLING My Friends with TOO MANY CARDS in UNO
NZ,_tEivTHXNUw,[‰∏≠Êñá] Worlds 2025 - KT vs T1 -  Finals
NZ,A5-ZyVR2yBU,cheapest deck possible
NZ,cypPMx2NeG4,Gamers Have Won..
NZ,LHb6u69dZtg,"I Got All 1,155 Achievements in Minecraft"
NZ,nAddqlWr9DY,SURVIVING 99 NIGHTS IN THE FOREST ON MOBILE
NZ,4FfXPMOtJrk,MY BEST FORCE WIPE - Rust
NZ,oFvVe_O2HKs,I Found The OLDEST Brainrot In Steal A Brainrot!
NZ,1Vg00spYj2g,100 Youtubers Vs World's Deadliest Player
NZ,3V7Rvo4Gvic,Searching For A World That Doesn‚Äôt Exist
NZ,6S8qJ8OyqLU,MO LIGHT Teaches Jynxzi The HARDEST Deck in Clash Royale!
NZ,JcIf0AefPMo,"Why TRAPPER is the PERFECT 21,900 IQ role to expose impostors..."
NZ,GdN1MRIQhWU,The *RANDOM* SIDEKICK Challenge in Fortnite!
NZ,zWsv_ptWvus,Don't Feed Cows Meat!
NZ,DJp8K40TSxc,"State of Play Japan | November 11, 2025 [English Subtitles]"
NZ,k9JxpAmjRgg,Dispatch
NZ,GZrhBIvNuYQ,I Tested The NEW Minecraft Spear's Limits
NZ,8G1vC-hJjjc,KT vs T1 | CKTG 2025 - Chung K·∫øt Ng√†y 09.11.2025
NZ,yQw0OwqAw6Y,I Tried The Most Rage Inducing Game Of All Time...
NZ,WdBV1oUx6fc,IEM Chengdu 2025 - Day 6 - FULL SHOW
NZ,ozqXdUbPdJY,What's On The Edge Of Skyrim?
NZ,HOFNRfIEWI8,FLYING FREDBEAR GOT EVEN SCARIER..
NZ,OqEpsnZzOzA,(VERIFYING) GRIEF 83% // 65%+ √ó65 // STREAM 291
NZ,xO2V210-0hE,I played YET ANOTHER 8 Souls-Like games you've never heard of
NZ,Ld1wZxdtoy8,The Slickness of Super Mario Galaxy 2
NZ,uAktYROQiRY,My Starter Base Is ALIVE! -  Hermitcraft 11 Episode 1
NZ,vpgY6PzNixg,üî¥ F1 Watchalong - BRAZILIAN GP - RACE - with Commentary & Live Timings
NZ,k4VDsidZmQ8,"Skyrim, but the road is trying to kill you (DEATH ROAD)"
NZ,6S2ZRHzDCb4,Making 10 STAR CLASS In 99 Nights in the Forestüî¶
NZ,yFNK-dxDKI0,First to FIND the GOD Chest = Win $1000
NZ,-oe6WL2_2Rc,He said it would be EASY - $5000 AMD Ultimate Tech Upgrade
NZ,C38y3tp6B7o,I Coached iShowSpeed to BEAT Jynxzi in Clash Royale!
NZ,j9V7jAIfUgg,The 6-Year Curse is BROKEN! My First 5-Symbol Bonus Led to UNBELIEVABLE WINS!
NZ,V6_hnfRJOes,Mojang has simply broken Bedrock Edition. Things are kinda bad right now.
NZ,jgtCTMpyUdw,Lu & M·∫°nh b√¨nh lu·∫≠n T1 vs KT - Chung k·∫øt CKTG 2025 #worlds2025
NZ,eXZMUNKHzyA,I Accidentally took over a Jewish Minecraft Server
NZ,vlY8fq2s4b4,üî¥LIVE | ARC RAIDERS w/ CLOAKZY & SUMMIT | !giveaway | #BUNGULATE
NZ,siRJt4VQhjs,"Minecraft But, Crafts Are GIANT..."
NZ,h_tm5ps_0I8,iShowSpeed vs Jynxzi Clash Royale Wager!
NZ,eN2xfUuBKuM,Solving Minecraft's Most Ancient (True?) Theories..
GB,Y7fzLzXwspc,i built a GRAVEYARD in the sims
GB,-lxN7chi4HE,We Found KOALA KIDS Mom In 99 Nights In The Forest..
GB,-ULJ6U1TYPg,GW12 WILDCARD TEAM! | Salah AND Haaland Wildcard Draft Chip Strategy üìù Gameweek 12 2025/26
GB,MJozGTs-zmE,Is DayZ The Best Game Ever Made?
GB,LGS8Jl6R58A,They Broke Fallout 4...Again
GB,szI0FIKjk0A,Nick Eh 30 Snuck Into My Simpsons Hide & Seek!
GB,w5fqTbU2oWM,üî¥ LIVE NOW! üö® Playing Roblox With EVERY Viewer! üí•üïπÔ∏è‚ö°
GB,GimiwO0Ftcg,These Are The Most Fun Cars In Sim Racing Right Now
GB,GhAs9cfPVNg,kid tries to trap me but i trap him first
GB,mdTWG5NlWXk,I Built the Most SECURE AFK Base in 99 Nights in the Forest!
GB,dumepdQGLuw,THERES NO WAY ITS ACTUALLY OVER | Amanda The Adventurer 3 (Full Game)
GB,fH3KVDH7sZ0,DOC ENCOUNTERS THE QUEEN IN ARC RAIDERS
GB,EL1yNaWtZAc,THIS CARD IS ACTUALLY MORE BROKEN THAN PINA!! ü§Ø FC 26 ULTIMATE TEAM RTG
GB,Zpvncujxuxw,üò±–ë–ò–¢–í–ê –Ω–∞ 3 –î–û–†–û–ñ–ö–ê–• –≤–æ –í–†–ï–ú–Ø –ê–î–ú–ò–ù –ê–ë–¨–Æ–ó–ê –≤ Steal a Brainrot!
GB,YK-tdkw3Owc,Marvel Rivals First Look Gambit Gameplay & Abilities Showcase
GB,_K-9DfCKyzk,We DOUBLED Our Most Jackpots EVER Won in an Hour!
GB,BLR-Jym6gpM,Going From NOOB To BEST PET in Animal Training! (Roblox)
GB,6IpgGWf_Zno,7 NPCs With Unexpectedly Tragic Backstories
GB,0QNCbcrOZzU,TIMTHETATMAN ARC RAIDERS DAY 9
GB,BNMoDqA42jA,Stompn's LAST CHANCE to Make MAJOR PLAYOFFS (INTENSE) - G2 vs Weibo - MUNICH MAJOR 2025
GB,39qFkei4Jts,You Gotta Drop Everything for the Triboulet...
GB,QUBd4QtpJYY,This Game Terrified Me ( Those Nights at Fredbear's )
GB,__0DemiCYdw,FINAL BOSS
GB,WI7VrsIcHJ0,Fortnite Simpsons *FIRST* UPDATE is HUGE
GB,YlldaEYwp5A,We Started our own WICKED FAMILY..(Brookhaven)
GB,n0PkfDvk7l8,What if you ONLY LOOT Houses in 99 Nights?
GB,BYiJAM_E_f8,All Mega Dimension Returning Pokemon - Legends Z-A DLC
GB,bkg3DP5Yubo,CHAPTER 7 OFFICIAL REVEAL..!!
GB,Ysmi7WM8M-8,Engineering a PERFECTLY STRAIGHT CITY in Anno 117: Pax Romana!
GB,MK83clSv6-k,Race Highlights | 2025 Sao Paulo Grand Prix
GB,-IIPg8gKk_M,My New Staff Hate Me?! | Waterpark Simulator 4
GB,8Lg7-jYa0Bw,Let's Play ALL of Zelda Age of Imprisonment
GB,rWmD2yv6L94,"üò± –ú–∞–π–Ω–∫—Ä–∞—Ñ—Ç, –Ω–æ –ú—ã –°–≤—è–∑–∞–Ω—ã –û–î–ù–û–ô –¶–ï–ü–¨–Æ ‚Ä¢ [–ü–æ–ª–Ω–æ–µ –ü—Ä–æ—Ö–æ–∂–¥–µ–Ω–∏–µ] + –§–∏–∫—Å–ø–ª–µ–π"
GB,Kqo-t1HbtRQ,I Finally Sent a Hero SBC on the RTG And...
GB,r3LL5mWEngk,BLAST R6 | Munich Major - Stream A - Day 4
GB,LzRT0qlbyBA,"I Told You Gran Turismo 7 Was Cooking (24 Hour Races, Sophy 3.0 AI And MORE!)"
GB,2LTklbYj7qg,I HACKED the Brainrot Dealer In Steal a Brainrot
GB,qJmH3jZCcew,yellow shoes girl
GB,138PrPO9idw,New Cherry Blossom Biome Gives INSANE Brainrots on Plants vs Brainrots
GB,ie697ZUTC0o,*POST PATCH* 4231(2) TO 2251 META FORMATION AND CUSTOM TACTICS | FC 26 ULTIMATE TEAM
GB,trzRrynCP-0,Live Roblox - 99 Night in The Forest
GB,f2LX41mikIg,THE WORST ADMIN ABUSE..
GB,6KhMfo3jd04,"INSPIRED GAMING AT ITS VERY BEST AGAIN!! üò´üò´ rise of Rome, gold winner. Demons DEFF!!! Banned units?ü§î"
GB,ih_Lb7Kx55U,Exposing 27 STEAL A BRAINROT SECRETS..
GB,MoDMU3oeKEM,Kacky Maps that Make Even Less Sense...
GB,Yw9_HUgtSgw,The EASIEST PKing Setup Ever
GB,BpPq5qqAfyE,Bungie Dropped Tier 6 Loot... (Call to Arms Guide) | Destiny 2
GB,5Ma4xtHTjrQ,We Attempted the Impossible 2 Player Nuzlocke!
GB,aBCwDO0I6K4,Drunk Driving on a Road Trip
GB,7mPM-a6Z2yg,Zealand's FM26 Save Is...
CA,61wfiVRIPhY,100 Days Free to Play to Unlock the 6th Builder!
CA,aBCwDO0I6K4,Drunk Driving on a Road Trip
CA,RPfLWIBRoxc,Searching the World For My Best Friend
CA,84bSdQHloCI,Building a SECRET BASE to TRAP MY SUBSCRIBERS In BLOXBURG
CA,LGS8Jl6R58A,They Broke Fallout 4...Again
CA,f4Zv8T6FXOc,Destroying MY CRAZY FAN GIRLS With New SNIPER GLITCH In Rivals...
CA,fH3KVDH7sZ0,DOC ENCOUNTERS THE QUEEN IN ARC RAIDERS
CA,zMLdAuQwZcY,10 Game Mechanics That NEED TO MAKE A COMEBACK
CA,mmrr59zKvqc,Pok√©mon Royal Sapphire Hardcore Nuzlocke - No Calcs!
CA,gnax9vKZpSg,"Bethesda TANKS, Responds To Fallout 4 Anniversary Edition Broken Disaster..."
CA,ilBkzRvh1Go,Epic $500 Gambling Spins And It's The BEST Few Inches Later EVER....
CA,kJ4u-A2Pccg,PDSlots5150 is live!
CA,IG1yW6wiZ7o,The Worst Update Ever?
CA,yi-b_DEiEnk,I formed PRUSSIA in EU5!
CA,vlY8fq2s4b4,üî¥LIVE | ARC RAIDERS w/ CLOAKZY & SUMMIT | !giveaway | #BUNGULATE
CA,h3i4HwToNcc,ILS ONT RAJOUT√â FOXY AUSSI SUR HELLO NEIGHBOR !!!!
CA,szI0FIKjk0A,Nick Eh 30 Snuck Into My Simpsons Hide & Seek!
CA,XwayixiD3g0,I BROKE THE ZAAHEN AD RECORD! MY ULT ONE SHOTS EVERYTHING (200% AD RATIO ON ULT)
CA,Z9MVyuPt7uE,What ABILITIES Will The NEW MEGA POKEMON Get?...
CA,igfjZb_d89A,ROBLOX EVICTION NOTICE
CA,89eC4Cy-a_8,"Solo Leveling: ARISE OVERDRIVE - Ants, Goblins, Hell Dogs and Sunglasses!"
CA,0d2MoOb72qc,ROBLOX FIND THE EMOTES...!? (ROBLOX ADDED THE CRAZIEST EMOTES!)
CA,9UvieoyYsI0,I Went UNDEFEATED with Miner Poison on TOP Ladder
CA,flROXkJzQac,The CUTEST survival game! - Winter Burrow [1]
CA,_h_dwTjZKQE,"I Made $450,000,000,000,000,000,000,000,000,000,000,000 In Sushi For No Reason"
CA,Cp_lXs2GG2k,Japan looks like a bunch of ants from here! | Billion Road [3]
CA,a-1AsZRXoIc,555555555555555 Elo Chess Bot. How?
CA,PlxtSJQbeJ8,Canada vs. Chile FULL HIGHLIGHTS | 2025 FIFA U-17 World Cup
CA,mKn1I2DfQnk,"üî¥ $100,000 BATTLEFIELD 6 TOURNAMENT! üî¥"
CA,WI7VrsIcHJ0,Fortnite Simpsons *FIRST* UPDATE is HUGE
CA,iQtRhRZtSpI,Faker Is Impossible
CA,lFLryWSzC7s,These Rookies will be STARS! Madden 26 Saints Franchise
CA,HR3nShcNfXc,Surviving the Haunted Caves in Minecraft
CA,Ll_OjGlCvFI,I Entered a Pro King of the Hill to Cheese EVERYONE
CA,E7y1RoxwIpM,BRUTAL GAMEPLAY - NHL 26 Be A Pro Career ep 25
CA,OAcHwM850XE,Fighting My Friends on 1 Minecraft Chunk
CA,bFCL0Fulm00,Season 5 FULL Breakdown | Gambit is a STRATEGIST | New Team ups & Game Modes | Rogue | Marvel Rivals
CA,QCSQO6Z12Oo,„ÄêDEVIL MAY CRY 5„ÄëI AM THE SKULL THAT IS APPROACHING. (part Vergil) #calliolive
CA,QvYub5tVwEo,Fortnite‚Äôs *NEW* Simpsons Update is HUGE!
CA,xmpwnV5HDd4,Can you beat an Actual X-Ray Minecraft World?
CA,p1uo-VQxMgo,MMG's Madden 26 Fantasy Draft! Chargers Franchise Ep. #1
CA,doJikJE03bQ,Sony State of Play Japan | November 2025
CA,2i1KnMNnRo8,Jynxzi Challenged Me For 1000$ // 500K SPECIAL
CA,g7YoXI9cuX0,WOKE POWER WASHING
CA,Gk_scPpj_EE,J‚Äôai cr√©e le M√äME Jeu de la 0D √† la 4D (c‚Äôest trop styl√©)
CA,IpYNGOIZGFc,PUSHING TOP RANKED WITH VIEWERS DECKS IN CLASH ROYALE!
CA,8VMl92yv3YA,Beating KSP as North Korea (1958)
CA,AvhXIk6pjeE,Zelda Hyrule Warriors: Age of DISAPPOINTMENT
CA,bTWmVb_yk0c,3 NEW SECRET UPDATES IN TOCA WORLD... ü§´ | Toca Life World
CA,p18tqSnqrdU,catching cheaters on Donut SMP
US,MUL9u-zb0GI,DEMOGORGON vs Most Secure House In Minecraft!
US,n2RZCjfTsBY,I PLAYED THIS HYPED UP DEMON SLAYER GAME AND... | ROBLOX
US,AVQoSmLt0XQ,Working At A Haunted Lighthouse
US,mmrr59zKvqc,Pok√©mon Royal Sapphire Hardcore Nuzlocke - No Calcs!
US,s91vHvnQiMw,"Bronny, but AI Controls his Career"
US,jAP3ldA1wrU,Shiny Charm Dragonite Alpha Mega Shiny Hunting Pokemon Legends ZA!
US,aBCwDO0I6K4,Drunk Driving on a Road Trip
US,89eC4Cy-a_8,"Solo Leveling: ARISE OVERDRIVE - Ants, Goblins, Hell Dogs and Sunglasses!"
US,MpRgBB0H324,Escape From Duckov ‚îä Operation Quackpath: We aim to Warehouse #peostream
US,NQLPXaPd2uQ,100% LR GIANT GOMAH JUST MAKES ME üòπüòπüòπüòπüòπüòπüòπüòπüòπüòπüòπüòπüòπüòπüòπüòπüòπüòπüòπüòπüòπüòπüòπüòπüòπüòπüòπüòπüòπüòπüòπüòπüòπüòπüòπüòπüòπüòπüòπüòπüòπüòπüòπüòπüòπüòπüòπüòπüòπüòπüòπüòπüòπüòπüòπüòπ
US,szI0FIKjk0A,Nick Eh 30 Snuck Into My Simpsons Hide & Seek!
US,LGS8Jl6R58A,They Broke Fallout 4...Again
US,JlJN4nn46IE,Minecraft But There's BRAINROT HEARTS!
US,fY8H7kzGUyc,Major Weapon Tuning Incoming (Renegades Blog Post) | Destiny 2
US,_MLx5D3Qpsk,I Pretended To Be The New 1X1X1X1 Brainrot To Troll MY CRAZY FAN GIRLS...
US,2kQzooj6--s,Dragon Ball SPARKING Zero Has A RAGING Problem üòÇ
US,IG1yW6wiZ7o,The Worst Update Ever?
US,gO06At9z2WQ,We Escaped The Backrooms in Minecraft...
US,BoufRVsHmRQ,üå≥99 NIGHTS IN THE FORESTüå≥
US,cu7eof_uUWY,Upgrading Distortus Rex Into a GOD in Minecraft
US,9lgBT7KlBB4,MARVEL RIVALS SEASON 5 BATTLE PASS SHOWCASE!
US,zMLdAuQwZcY,10 Game Mechanics That NEED TO MAKE A COMEBACK
US,Le58h0na8uI,"Steal A Brainrot, But The Merchant is OVERPOWERED.."
US,MtoXiU0w0So,This Was a Mistake....
US,uSftstyyg6s,"JACKPOT CHASING $88,0000!!!!!!!!!!!"
US,WI7VrsIcHJ0,Fortnite Simpsons *FIRST* UPDATE is HUGE
US,zWsv_ptWvus,Don't Feed Cows Meat!
US,2LTklbYj7qg,I HACKED the Brainrot Dealer In Steal a Brainrot
US,WDVYkS_AVUQ,uh oh
US,8Lg7-jYa0Bw,Let's Play ALL of Zelda Age of Imprisonment
US,iwerJw5K5LU,A Haunted FPS Game Hides A Dead Soul - No Players Online FULL PLAYTHROUGH
US,hNeBqHeoFRM,What Does it Mean to be a Hero? | Dispatch Episodes 5-6
US,ih_Lb7Kx55U,Exposing 27 STEAL A BRAINROT SECRETS..
US,WBDwtA8kfsY,üî¥LIVE ROBLOX! PLAYING STEAL A BRAINROT WITH VIEWERS *NEW UPDATE* #roblox #shorts
US,_AjkSnzIZaA,Reacting To YOUR CRAZIEST Edits Of Me... (UR ALL BANNED)
US,v4kkWW4AlzU,TRANSFORMEI os BLOCOS EM L√çQUIDO no Minecraft!
US,G8O1QWHne7I,BEWARE of the HUNGRY WORM... (Cartoon Animation)
US,Z9MVyuPt7uE,What ABILITIES Will The NEW MEGA POKEMON Get?...
US,LY7R3MG1_6w,‚Äé
US,NxN9KoPk6Q8,ROBLOX CRACK AN EGG! (They're actually my friends...)
US,doJikJE03bQ,Sony State of Play Japan | November 2025
US,34FdKjd7Pg8,Roblox in Minecraft!
US,nE4zoZS48Jk,Good Night Universe (FULL PLAYTHROUGH) | Joe Bartolozzi
US,S5ZxYtBIlcY,Whatever I Draw Comes to Life in 99 Nights in The Forest üî¶
US,3Cnbm6ZLymg,STEAL A BRAINROT GIVEAWAY LIVE | STEAL A BRAINROT FREE SECRETS + FREE BRAINROT GODS
US,z0SLYIhuxNk,Didn't even last a second bruh.
US,yB-iGOkGfEc,I think I'm done with Battlefield 6 for a bit after today's update
US,DvREJS3LZ04,FOXY HAS A NIGHTMARE MODE IN HELLO NEIGHBOR
US,S-8nqsZStwQ,Nintendo Seemed Unstoppable. Until Today.
US,PmzFQVcQKZk,"if you're seeing this, it's time to sleep"
NZ,j305gs5cn60,I Built a Secret Base INSIDE My Friend
NZ,xwJhhPCweWk,It‚Äôs hard to be a windows laptop guy - MacBook Pro M5
NZ,kdqE-8Qd1QM,"People Order BBQ, I Torched the Neighborhood - Cooking Simulator BBQ"
NZ,SNLpfcGxLjw,Finding my SECRET WORLD from 13 Years ago...
NZ,-50uYFlv91I,I Built a TRAPPED BASE in 99 Nights in the Forest!
NZ,mqQDlH9ztL4,Welcome to Springfield - Fortnite | The Simpsons
NZ,MoDMU3oeKEM,Kacky Maps that Make Even Less Sense...
NZ,yozeVQx0ZYA,Zaahen Abilities | Ability Reveal & Gameplay
NZ,mlF702wgZtM,I Built the SMALLEST AFK Base in 99 Nights in the Forest.. (it worked)
NZ,ifNAfkl59TU,Creating ùòºùôóùôùùô§ùôßùôßùôöùô£ùô© ùòºùôóùô§ùô¢ùôûùô£ùôñùô©ùôûùô§ùô£ùô® in Cities Skylines 2
NZ,uXFt9K7UaCU,I Was Banished To The Nether
NZ,TnGwae9Iw1g,GTA 5 Online Chaos and Gmod Deathrun Jeffrey's Island BTS! (Day of Failure)
NZ,nlZ89i5SLkk,Meta's Insane Business Model
NZ,elCC5ovnNRQ,üî¥F1 LIVE - Brazil GP RACE - Commentary + Live Timing
NZ,pl3UJEgirVY,I Put 11 YouTubers in a Flooded Minecraft World
NZ,Gty4TMjge3M,Liam Lawson Full Race Team Radio | 2025 Brazilian Grand Prix
NZ,eN9skOpPUqc,Malevola Has A Crush On Robert (All Scenes) - Dispatch Episode 5 & 6 (4K)
NZ,CT1qGQooCB4,Horrors of Mobile Game Addiction
NZ,ieCRN3EaMAA,ULTIMATE CHAMP PUSH!! - Clash Royale
NZ,K8W0J7SzuZ8,Hunting a Minecraft Player Who Shouldn't Exist
NZ,8t9IAUYxlqE,World Championships Warhammer Preview 2025 Livestream
NZ,n7o6kZnEKyI,Hunting Ghosts TOGETHER (Phasmophobia)
NZ,138PrPO9idw,New Cherry Blossom Biome Gives INSANE Brainrots on Plants vs Brainrots
NZ,0XsGk-SXi78,How to Make the ARC Raiders Community Hate You
NZ,7GO_i6j1vdc,All Steal A Brainrots Meet The Owner...
NZ,-7aV0y9lJlc,My CRUSH Asked Me To Carry Her To Day 99... So I Carried Her To Day 500! (99 Nights In The Forest)
NZ,e674qoLRocU,RV THERE YET WITH THE BOYS
NZ,63SIIBSulAE,I Locked myself in a room until I am UNREAL
NZ,z3yVftKY_xM,STEAL A BRAINROT GIVEAWAY LIVE | STEAL A BRAINROT FREE SECRETS + FREE BRAINROT GODS
NZ,e6lC4OAAscg,I Got My Own Brainrot!
NZ,bjRu14V7hkU,THE BEST UPDATE EVER!? Fortnite | The Simpsons
NZ,gii18lvl6ek,EVERYTHING NEW IN THE STEAL A BRAINROT UPDATE!
NZ,rBmc4aDnTTk,"I HIT 900,000 SUBSCRIBERS"
NZ,jF5XYg0ECu0,Fallout 4: Anniversary Edition Is Legit Insulting... | Review
NZ,hbHOUXCXPLY,Steam Keeps Winning
NZ,_d7_cSBWJKk,Steal A Brainrot Admin Abuse (NEW UPDATE) üî¥
NZ,7PxHCQECv-0,Escaping a Minecraft Horror Map..
NZ,0RlOFsUE-JQ,Steal A Brainrot But Everything is a Ritual
NZ,SRA3Z_ACmgg,INFINITE LASERS BASE TROLL in Steal a Brainrot‚Ä¶
NZ,Pn_26rky9fU,Epic made a mistake...
NZ,1Qr_JM2d0oo,Tiger Fruit Is The MOST OVERPOWERED FRUIT EVER..
NZ,o4H5UvcuFLs,KICK THE BABY IN ROBLOX!
NZ,6RY19qnHjag,just look at the thumbnail bruh... (pt.3)
NZ,nc7MHEMcVVI,Gaming at 720Hz is insane*
NZ,-II_kGCiULc,Let's play Fortnite
NZ,lP9JBWi6Q2c,99 Nights But The PELT TRADER is GIRL!
NZ,LEMVjc1_fOk,My Viewers' Bedrooms Are TERRIFYING
NZ,Gx6I0Uf5UHM,Can You Beat Minecraft But It's 100% Obsidian?
NZ,neJAMFR4I-Y,Google Just Gave Up
NZ,U6GfB9koOC0,SENTINELS vs. ENVY | SEN City Classic Day 3 | !displate !starforge !mouse !headset
AU,qQJMbC1Ibes,99 NIGHTS IN THE FOREST BUT THE PELT TRADER IS MY BOYFRIEND...
AU,vznaFM3r4-g,WORLD FINALS 2025 - T1 VS KT
AU,mdTWG5NlWXk,I Built the Most SECURE AFK Base in 99 Nights in the Forest!
AU,zMLdAuQwZcY,10 Game Mechanics That NEED TO MAKE A COMEBACK
AU,JlJN4nn46IE,Minecraft But There's BRAINROT HEARTS!
AU,hhaqu6heuPU,"Minecraft, But Anything You Draw, You Get..."
AU,9UvieoyYsI0,I Went UNDEFEATED with Miner Poison on TOP Ladder
AU,iqyfFUVYp84,Roblox Forsaken Theory: How Did Every Killer Die?
AU,2LTklbYj7qg,I HACKED the Brainrot Dealer In Steal a Brainrot
AU,B0DHucYYD0k,Sonic Racing: CrossWorlds - New Free Characters Update
AU,MrqvpwfiRbU,I Built the FIRST space settlement in Vanilla Rust...
AU,iQtRhRZtSpI,Faker Is Impossible
AU,138PrPO9idw,New Cherry Blossom Biome Gives INSANE Brainrots on Plants vs Brainrots
AU,5F-hg0B_BSE,KT vs T1 | Í≤∞ÏäπÏ†Ñ | 2025 ÏõîÎìú Ï±îÌîºÏñ∏Ïã≠
AU,Z9MVyuPt7uE,What ABILITIES Will The NEW MEGA POKEMON Get?...
AU,Zm0ZvfAvf-Q,HOW TO BEAT HACKERS IN ARC RAIDERS
AU,gLLWIU1X3tc,HIDE AND SEEK! *SIMPSONS SEASON*
AU,fHVs1d_j2R0,We Become FUNNY WIZARDS with CRAZY MAGIC POWERS!
AU,_G3bic1kp0o,"Beating Minecraft, But I Can't Break the Laws of Judaism"
AU,6iDutme4fy8,"Valorant Patch 11.10 All Changes (Clove Nerf, Harbor Rework)"
AU,g7TbH4Bty7A,STEAL A BRAINROT GIVEAWAY LIVE | STEAL A BRAINROT FREE SECRETS + FREE BRAINROT GODS
AU,_pASLrvDaLE,Trying My Viewers Clash Royale Decks
AU,MoDMU3oeKEM,Kacky Maps that Make Even Less Sense...
AU,YlldaEYwp5A,We Started our own WICKED FAMILY..(Brookhaven)
AU,v4kkWW4AlzU,TRANSFORMEI os BLOCOS EM L√çQUIDO no Minecraft!
AU,jF5XYg0ECu0,Fallout 4: Anniversary Edition Is Legit Insulting... | Review
AU,cJAiI5HGNN8,"My Biggest Slot Bonus Buy Ever ($5,000)"
AU,7JcDn6chagc,"Worlds 2025 Final Opening Ceremony Presented by Mastercard ft. G.E.M., Anyma, Chrissy and TEYA!"
AU,fQJMpSKCq14,GREATEST COMEBACK Ever With 2 MEGA JACKPOTS That NO ONE Will Forget 
AU,hTuitzW8IBI,The $1600 All-MSRP Gaming PC
AU,BYiJAM_E_f8,All Mega Dimension Returning Pokemon - Legends Z-A DLC
AU,YCxuX6G7FcA,SOLO Player VS 1000 Minecraft Hunters
AU,1u_dNeoQp7k,Having an ADMIN LIFE in Minecraft!
AU,n0PkfDvk7l8,What if you ONLY LOOT Houses in 99 Nights?
AU,KSoReLSExIA,30 x Hero & Icon Packs! üòç
AU,LY7R3MG1_6w,‚Äé
AU,Cuq7c5C6uUo,LIVE AFL MOCK DRAFT 2025: 7 Content Creators. 1 GIANT Mock Draft!
AU,eXZMUNKHzyA,I Accidentally took over a Jewish Minecraft Server
AU,L6ksgXBE0Qk,Joel's Goals! Hermitcraft Season 11 Ep.1
AU,IuwFHtFgAME,"THIS Is How You Make $10,000 With Table Games"
AU,_tEivTHXNUw,[‰∏≠Êñá] Worlds 2025 - KT vs T1 -  Finals
AU,1t717lnMs_0,Adopted By TRILLIONARES in Steal A Brainrot!
AU,f2LX41mikIg,THE WORST ADMIN ABUSE..
AU,NmPdeeyPuHI,"Playing Avatar The Last Airbender w/ Voxy, Crim, and Wheeler! Shuffle Up & Play 90 | Magic Gameplay"
AU,x8Y12v9fkFE,This ICON Changed My Team...
AU,fGE3BUNgyjc,I‚Äôm Diggin‚Äô This Season Already! - Hermitcraft 11 | Ep 01
AU,maIvlc9P2M8,THE NEW PEAK UPDATE IS TERRIFYING!
AU,q3hWJYE_Fe0,Roach Hotel
AU,61iBwFMWhJI,"ZAAHEN, BUT I GO FULL LIFESTEAL AND I CAN 1V5 YOUR WHOLE TEAM (THIS HEALING IS UNFAIR)"
AU,3jeU_0LX1Hc,LOGBAIT PUSHING!! - Clash Royale
IE,KgpnfT5bgLY,Jana Nayagan ‚Äì Thalapathy Kacheri Lyric Video| Thalapathy Vijay| H Vinoth| Anirudh| Pooja Hegde| KVN
IE,zHhR3daI3bY,Man Vs Baby | Official Trailer | Netflix
IE,Xu_RCKtT23g,SIDEMEN AMONG US SHOCKWAVE MASTERCLASS: EXPLODE PLAYERS OUT OF THE MAP TO WIN
IE,zs7ISrSdVUI,Ellie Goulding - Love Me Like You Do (Lyrics Cover) | Pop Mage
IE,723RZxnDWKE,Michael (2026) Official Teaser - Jaafar Jackson
IE,MK83clSv6-k,Race Highlights | 2025 Sao Paulo Grand Prix
IE,3Nl2rdaddKw,"Chris Stapleton, Justin Timberlake - Tennessee Whiskey / Drink You Away | CMA Awards 2015"
IE,hXOUHb64164,Love is a Battlefield | Marvel Rivals Season 5 Trailer
IE,Qk0iCPmtLUA,Hermitcraft 11: Episode 1 - FRESH START!
IE,Xgp7wlBfASA,Charli xcx - House featuring John Cale (Official Video)
IE,NQypHE9_Fm4,Five Nights at Freddy's 2 | Official Trailer 2
IE,8q6tDjxpajQ,NO MORE SECRETS (Dispatch 5 & 6)
IE,R-u5i-_eycw,"Fred again.., Sammy Virji, Reggie - Talk of the Town (Dublin, 30th October 2025)"
IE,s9gSuKaKcqM,Marty Supreme | Official Trailer HD | A24
IE,lpld9Ob-JF0,Hermitcraft 11: Episode 1 - My New Farm
IE,qNw8ejrI0nM,DADDY YANKEE || BZRP Music Sessions #0/66
IE,UJrghaPJ0RY,"Scream 7 | Official Trailer (2026 Movie) ‚Äì Neve Campbell, Courteney Cox"
IE,-IIPg8gKk_M,My New Staff Hate Me?! | Waterpark Simulator 4
IE,vVDp1ulBKIk,Chikiri Chikiri Video Song | Peddi | Ram Charan | Janhvi | Buchi Babu Sana | AR Rahman|Mohit Chauhan
IE,CMve2vXAQGQ,Pok√©mon Legends: Z-A ‚Äì Mega Dimension | See the Latest Trailer!
IE,-XvyVLSEq6o,TACO TUESDAY ADMIN ABUSE!
IE,htQBS2Ikz6c,ROSAL√çA - Berghain (Official Video) feat. Bj√∂rk & Yves Tumor
IE,3fU92zlwVLk,"Warhammer 40,000: 500 Worlds - Official Announcement Trailer"
IE,6dksQJulz4c,Roblox Contacted Me...
IE,C_7pYZZokbc,Goo Goo Dolls - Iris (Lyrics)
IE,f2aTSMdfQg0,Honest Trailers | The Running Man (1987)
IE,PKvRwPFK8qU,33 ICONS DECIDE OUR TEAM!
IE,zfD3BVRTuN4,James Arthur - Impossible (Lyrics)
IE,jsauQx_Fwrg,"The Family Man S3 - Official Trailer | Raj & DK | Manoj Bajpayee, Jaideep Ahlawat | Prime Video IN"
IE,DJp8K40TSxc,"State of Play Japan | November 11, 2025 [English Subtitles]"
IE,ORAZtsMBJzg,Creedence Clearwater Revival - Have You Ever Seen The Rain (Fan Celebration Version)
IE,W6-1qR17ww0,HUNTING SEASON Official Trailer (2025) Mel Gibson
IE,r_LwYTezFlo,LOCKED IN
IE,C97R5gkln04,Sam Clegg - Angel on the Tree | Official 2025 Christmas Advert Inspired by John Lewis Ads
IE,yT1ng2tiwLA,Percy Jackson & The Olympians | Official Trailer | Disney+
IE,OPZoLZBXD0Y,RATED R. RATED R. RATED R. | Dispatch (Episode 3 + 4)
IE,g2KucbcandM,The Fray - How To Save A Life (Lyrics)
IE,zz8rzYFkA08,TRAILER: An action packed November on the Cobbles! | Coronation Street
IE,-hs7hBfLFEk,Steal a Brainrot Admin Abuse (Taco Tuesday)
IE,TN4LP7j5cbo,JISOO X ZAYN - EYES CLOSED (OFFICIAL LYRIC VIDEO)
IE,yqjMaKQskW8,The Super Mario Galaxy Movie Direct 11.12.2025
IE,eR8etM6XVEo,I Found a SECRET RITUAL in Steal a Brainrot
IE,kJChWUcesJ4,Gorillaz - The God of Lying ft. IDLES (Official Visualiser)
IE,X6xQKNM1xA8,ELDEN RING NIGHTREIGN The Forsaken Hollows | Official Gameplay Reveal Trailer
IE,ADaZLxI3uWg,KT vs T1 | WORLDS 2025 | Finals
IE,FtTM6XDN9M0,Harry Styles - Watermelon Sugar (Lyrics)
IE,a6ExNjFOhv0,MASK - Trailer | Kavin | Andrea J | GV Prakash Kumar | Ruhani | Vikarnan A
IE,zg0k-KJwpBM,Who Mined The Best OVERPOWERED Items in Minecraft?
IE,67JOBIX2MsU,"Don‚Äôt Stop Believin‚Äô - Music Travel Love & Friends (at Shura Island, The Red Sea)"
IE,VDZfSyYqMfQ,"‚ÄúI Am Reichsmarschall Hermann G√∂ring‚Äù Scene - NUREMBERG (2025) Russell Crowe, Rami Malek"
IE,EI2S4LITn8E,Dispatch | Episodes 7 & 8 Preview
IE,Ge9TNAQQbRo,4 Non Blondes - What's Up? (Lyrics)
IE,-DbWrmElhus,The Night Manager Series 2 | Trailer ‚Äì BBC
IE,GhAs9cfPVNg,kid tries to trap me but i trap him first
IE,S7SxDL6pAM8,"Pitbull, Ke$ha - Timber (Lyrics)"
IE,BdDG-nlQk0Q,AVENGERS DOOMSDAY TRAILER DESCRIPTION: What We‚Äôve Heard
IE,3m7bXL_7ju4,Cash CHOOSE The WRONG SLIDE in Minecraft
IE,-0pnv8VN394,One Direction - Night Changes (Lyrics)
IE,RD1Y8JcVQYo,"FACKHAM HALL Trailer (2025) Damian Lewis, Jimmy Carr"
IE,xaK1nEXBBdw,SAMMY turned his mic on üíÄ
IE,1WCfWxgEY8E,Ren x The Skinner Brothers - Twos On A Cigarette
IE,Qm-wNxOcEL4,"Mass Jathara - TRAILER | Ravi Teja, Sreeleela | Bhanu Bhogavarapu | Bheems Ceciroleo | S Naga Vamsi"
IE,UuSt-E8sn6w,Opening 100 FOOD LUCKY BLOCKS In Steal A Brainrot..
IE,Efzw26vCFqE,Olivia Dean - Man I Need (Lost Kings Remix) (Lyrics)
IE,a6lzvWby9UE,Pluribus ‚Äî Official Trailer | Apple TV
IE,sQgIiW7irfM,I Found The FIRST PLAYER In Steal A Brainrot!!
IE,xdERX4bViYA,Bogdan DLP - N-a Fost Sa Fie | Official Video
IE,TDMPv4Cv2RE,"Chatha Pacha: The Ring of Rowdies Malayalam Teaser, Arjun Ashokan, Roshan Mathew, Shankar Ehsaan Loy"
IE,gLLWIU1X3tc,HIDE AND SEEK! *SIMPSONS SEASON*
IE,TvVtYaqCni8,LE SSERAFIM (Î•¥ÏÑ∏ÎùºÌïå) 'SPAGHETTI (feat. j-hope of BTS)' OFFICIAL MV
IE,bzorl6N8aew,How did we end up in The Backrooms AGAIN?
IE,41ZY18JqI2A,Shakira - Hips Don‚Äôt Lie with Ed Sheeran & Be√©le (LIVE) Oral Fixation - 20th | Spotify Anniversary
IE,szI0FIKjk0A,Nick Eh 30 Snuck Into My Simpsons Hide & Seek!
IE,uLvhpDhqDr8,Skye Newman - FU & UF
IE,I9I1FmBgjSM,"Mega Draft, But I Make My Deck BLINDFOLDED"
IE,nDAp2f5tXBU,I Opened The ICON + HERO Pack On The RTG!
IE,YFmakMh8sWU,2 Minecraft Pros VS 1000 Players
IE,trTpEOBOQUQ,Roblox Meme Olympics
IE,5J-YUPdbYoQ,Speedrunning Every Video Game
IE,WDVYkS_AVUQ,uh oh
IE,kC65Z6d77ZQ,R.E.P.O Added New Monsters...
IE,L1hhg_7HEqc,Four Irish Youtubers go on an Angry Irish Road Trip
IE,ybPxI4QJre4,Our FIRST UPDATE Of Fortnite SIMPSONS!
IE,HOFNRfIEWI8,FLYING FREDBEAR GOT EVEN SCARIER..
IE,oFvVe_O2HKs,I Found The OLDEST Brainrot In Steal A Brainrot!
IE,YCxuX6G7FcA,SOLO Player VS 1000 Minecraft Hunters
IE,ozqXdUbPdJY,What's On The Edge Of Skyrim?
IE,63SIIBSulAE,I Locked myself in a room until I am UNREAL
IE,ASoA5xRk6SM,THE HARDEST CHOICE (Dispatch Episode 3 & 4)
IE,Xwjy1tnMx3I,NEW *FIVE GUN* UPDATE in Fortnite!
IE,g7TbH4Bty7A,STEAL A BRAINROT GIVEAWAY LIVE | STEAL A BRAINROT FREE SECRETS + FREE BRAINROT GODS
IE,Ma9iBcThbmU,OMG I CAN'T BELIEVE I FINALLY GOT HIM IN FC!!! - FC 26 PACK OPENING
IE,B0DHucYYD0k,Sonic Racing: CrossWorlds - New Free Characters Update
IE,QfdtXkaVrsE,Roblox Labryn In Real Life
IE,CjmET22Fpxg,TEACHING My BOYFRIEND To Survive 99 NIGHTS IN THE FOREST
IE,c8OTJaJGSRY,This ‚ÄúNormal‚Äù Roblox game is DISTURBING.
IE,MrqvpwfiRbU,I Built the FIRST space settlement in Vanilla Rust...
IE,X9vV8VkK9fE,Battlefield 6 has some problems right now...
IE,3V7Rvo4Gvic,Searching For A World That Doesn‚Äôt Exist
IE,8PEFT_GEPWk,SIDEMEN AMONG US: OVERPOWERED ROLES EDITION
IE,IG1yW6wiZ7o,The Worst Update Ever?
IE,yQw0OwqAw6Y,I Tried The Most Rage Inducing Game Of All Time...
IE,vpgY6PzNixg,üî¥ F1 Watchalong - BRAZILIAN GP - RACE - with Commentary & Live Timings
IE,hTuitzW8IBI,The $1600 All-MSRP Gaming PC
IE,TWfr6YRkDU0,KID STEALS TICKETS AT ARCADE!
IE,Lvpkh7_nYU0,We BROKE The Brainrot Dealer in Steal a Brainrot
IE,HXdG2sZmLmg,I Used The Highest Stat In Every Position!
IE,1Vg00spYj2g,100 Youtubers Vs World's Deadliest Player
IE,ZQLVYcs90L8,I Takeover Bayern Munich for 10 Seasons...
IE,H5Hbwx0cHPU,üö® TEAM NEWS üö® FPL FINAL THOUGHTS GAMEWEEK 11 | Fantasy Premier League Tips 2025/26
IE,E4NGIiiyn9w,I Secretly Cheated in ADMIN Lucky Block Race!
IE,-YileDM61LI,MY FIRST FC 26 DRAFT! (FC 26 Packed Out #37)
IE,bDMqoIq1kjo,Twilight‚Äôs End | 2025 Season 3 Cinematic - League of Legends
IE,sVKYHf0ejdU,Is Steam a Monopoly
IE,uTVIgL8D4kc,FC26 SCREAM RASHFORD SQUAD BUILDER SHOWDOWN!!!
IE,i2xx6HgWNZs,Lv16.....im Gonna Crash out
IE,-qWzaR-fll8,Dispatch Episodes 5 and 6 (I'm in this Game)
IE,XQ_aJqdHfAw,Dispatch #1 (Ep. 1-4) | Joe Bartolozzi
IE,i-ygprKGrs0,I Played The WEIRDEST Roblox Games (w/ AverageHarry)
IE,QlwWm5RaRj0,Four Irish YouTubers go on an angry roadtrip
IE,6g3X9OiuXug,IEM CHENGDU 2025 | SEMIFINAIS | TRANSMISS√ÉO COMPLETA¬†COM¬†GAULES
IE,1yqe9JhINpo,-4 HIT & BENCH BOOST ACTIVE? üò≥ | MY FPL GW11 TEAM SELECTION üö® | Fantasy Premier League Tips 2025/26
IE,qQJMbC1Ibes,99 NIGHTS IN THE FOREST BUT THE PELT TRADER IS MY BOYFRIEND...
IE,mqQDlH9ztL4,Welcome to Springfield - Fortnite | The Simpsons
IE,pqh-BisKIdo,Choosing my Next Club‚Ä¶Big Decision
IE,K4Zoq1Yk-dM,The (Somewhat) Complete Lore of Silksong
IE,bjRu14V7hkU,THE BEST UPDATE EVER!? Fortnite | The Simpsons
IE,2_XmHaH5UGg,UCL PRIME TIME CHAMPS REWARDS!
IE,9HSihZjoS9Q,Simpsons House ONLY Challenge!
IE,xO2V210-0hE,I played YET ANOTHER 8 Souls-Like games you've never heard of
IE,ncHkXmdpnGk,What is the Worst Water Type Pokemon?
IE,8t9IAUYxlqE,World Championships Warhammer Preview 2025 Livestream
IE,Np4sC1osT_k,Dante VS Clive (Devil May Cry VS Final Fantasy) | DEATH BATTLE!
IE,IU7v1_U2LGw,You NEED To Complete The UEFA Primetime Tournament! üî•
IE,WdBV1oUx6fc,IEM Chengdu 2025 - Day 6 - FULL SHOW
IE,kYYDBEZfvj0,Streamer CRASHES OUT over 0 donations..
IE,QkoB1qscMoU,I Unlocked The New BANNED LUCKY BLOCK in Steal a Brainrot!
IE,EOhw8MvkkiA,FPL GW11 LIVE DEADLINE STREAM üì∏   | Fantasy Premier League 2025/26
IE,-65GYJ4lHCA,Can I Win UCL Without Shooting?
IE,6S2ZRHzDCb4,Making 10 STAR CLASS In 99 Nights in the Forestüî¶
IE,iUB0LIivBXM,100x BASE ICON & HERO PACKS! üö® FC 26 Ultimate Team
IE,SQ8bvSOta2c,Beware of HUNGRY WORM'S FAMILY in Roblox!
IE,elCC5ovnNRQ,üî¥F1 LIVE - Brazil GP RACE - Commentary + Live Timing
IE,u_hVGzUbqhA,On the path to DECKED OUT 3! - Hermitcraft 11: #1
IE,WI7VrsIcHJ0,Fortnite Simpsons *FIRST* UPDATE is HUGE
IE,3donPOX083o,10 BRAND NEW Games That REALLY Excite Us
IE,-II_kGCiULc,Let's play Fortnite
IE,xLbSVQdj9fc,Breaking in to My Friends' Castle in Minecraft Cherry Island
IE,jsFMRKyCGOI,87 ULTIMATE SCREAM GRIEZMANN! FC 26 Squad Builder Showdown!
IE,5pw7MPTzH2U,üî¥LIVE ROBLOX! PLAYING STEAL A BRAINROT WITH VIEWERS *NEW UPDATE* #roblox #shorts
IE,eXZMUNKHzyA,I Accidentally took over a Jewish Minecraft Server
IE,kdqE-8Qd1QM,"People Order BBQ, I Torched the Neighborhood - Cooking Simulator BBQ"
IE,GZrhBIvNuYQ,I Tested The NEW Minecraft Spear's Limits
IE,trBcQ6WbvTs,DAY 1 RECAP - Hermitcraft Recap Season 11 START!
IE,m8l7-QpJ3MA,DR DISRESPECT - ARC RAIDERS - QUEST MASTER
IE,12BgWn8cYJg,EXPLICIT VANOSS CREW MEMES!
IE,68xbhG9dxzw,UNLIMITED Hero Packs on the PC RTG!!
IE,-50uYFlv91I,I Built a TRAPPED BASE in 99 Nights in the Forest!
IE,PorfJhrc6JY,Australia v India 2025-26 | Third T20I
IE,qeWRy8yaFNM,"The Worst ""Scary"" Games I Could Find"
IE,hMLFL6lf0Rs,"$81,000 Grand Jackpot When I Least Expected It!"
IE,bMTfo_26m-0,STEAL A BRAINROT IS THE BEST GAME IN ROBLOX...
IE,JwBlvcfR8ck,The FAST FREDBEAR Hello Neighbor mod traumatised me..
IE,afkg5ed0vuA,3 HOURS OF HALLOWEEN SIDEMEN AMONG US
IE,h_tm5ps_0I8,iShowSpeed vs Jynxzi Clash Royale Wager!
IE,-sAtkjBNz0s,Man City vs Dortmund Watchalong with Mark GOLDBRIDGE
IE,QvYub5tVwEo,Fortnite‚Äôs *NEW* Simpsons Update is HUGE!
IE,nlZ89i5SLkk,Meta's Insane Business Model
IE,qf_ySv43bVk,theres ONE CLASS I still havent bought yet...
IE,IEjmRi9rCaU,Every CRAZY Pokedex Entry in Pok√©mon Legends: Z-A
IE,w8ddrhcaqLk,"Branching Paths | Critical Role | Campaign 4, Episode 5"
IE,oQ6i_d9wV-4,RIP‚Ä¶ I‚ÄôM SORRY üò≠ I RAGE SOLD EVERYTHING!! HUGE CRASH OUT! FC 26 RTG
IE,jZDcNL9w6YU,I Need Iron Blocks Is Goofy
IE,JJAHtszqDls,Steal a Brainrot MODDED!
IE,Sx2HgT7P4Ok,The MongolZ vs. FURIA - IEM Chengdu 2025 - Playoffs - BO3 - MN cast
IE,bVxVkVTKjIQ,FPL GW11 LIVE DEADLINE STREAM üåç 3 TRANSFERS MADE üîí
IE,_YJJNsV302Q,A LOT of New Info on Pokemon Legends Z-A Mega Dimension
IE,21_0ICuZLMI,I'm disappointed.
IE,Fa-Y7d8uYyU,World Champion Hikaru?
IE,2FAYHiYMZRQ,The Ashes of Oakhurst... - Vampires SMP - Ep.7
IE,z9GnsUZHI84,UPDATE DAY IN STEAL A BRAINROT...
IE,-gBlOu3k17s,"GTA 6 DELAYED, CRASHOUT STREAM"
IE,fVHQLDMCpX8,"260,000 SUBSCRIBERS ü§Ø"
IE,ZnPM_GGOYtM,Killzoneüî¥The Conflict Around Pokrovsk is Escalatingüì∞ü™ñMilitary Summary For 2025.11.08
IE,tR872KZ_zAk,Brawl Stars x Stranger Things
IE,Pn_26rky9fU,Epic made a mistake...
IE,XyYIGP1fyBs,Nottingham Forest vs Leeds United LIVE Watchalong | Premier League 2025/26
IE,zM7cUemTzTU,Robert Reveals His Identity & Supervillain Bar Fight - Dispatch 2025 4K
IE,k4VDsidZmQ8,"Skyrim, but the road is trying to kill you (DEATH ROAD)"
IE,rES0cHU5B0s,This is f**king insane..
IE,QyXHD3D5beo,What if You Could 1v1 in Among Us
IE,CT1qGQooCB4,Horrors of Mobile Game Addiction
IE,kUpGMZgZlro,PLAYING GAMES ON ROBLOX *LIVE*
IE,iJUFK8JLMts,IEM CHENGDU 2025 (GRANDE FINAL + DISPUTA DE 3¬∫ LUGAR) - COMPLETO
IE,_d7_cSBWJKk,Steal A Brainrot Admin Abuse (NEW UPDATE) üî¥
IE,Y6rLn0l7STc,"Hyrule Warriors Age of 10,000 Grunts"
IE,d4vgLoPQSBA,The Absolute Chaos of Bethesda
IE,KaIKKSGv2rI,MandJTV Reacts to Mega Dimension DLC (Pok√©mon Legends Z-A)
IE,Ik8DscQuGC4,EVERYONE is FURIOUS at STEAL A BRAINROT
IE,HE4p5VkEMf8,Stranger Things 5 Premiere Live Event ‚≠êÔ∏è | Stranger Things 5 Livestream Premiere Reaction & More!
